"","Oemik-000687","Oemik-000693","Oemik-000698","Oemik-000699","Oemik-000703","Oemik-000704","Oemik-000708","Oemik-000709","Oemik-000713","Oemik-000718","Oemik-000723"
"ASV1",29,61,170,3646,192,2634,51,3165,55,31,55
"ASV2",260,1048,331,53,297,109,275,97,287,145,148
"ASV3",0,0,0,0,0,0,0,16,11,1155,1481
"ASV4",184,579,165,0,228,113,190,139,209,226,228
"ASV5",0,0,81,650,85,546,25,694,30,0,0
"ASV6",142,397,226,61,249,164,293,144,250,71,83
"ASV7",294,1076,97,0,117,27,160,18,132,31,53
"ASV8",249,772,69,10,93,27,116,43,127,0,39
"ASV9",0,38,477,95,508,41,148,31,133,39,30
"ASV10",43,124,119,21,145,44,141,45,188,144,133
"ASV11",0,0,0,0,0,0,0,0,0,499,612
"ASV12",224,512,80,0,105,0,58,0,75,0,0
"ASV13",120,494,92,22,112,0,60,9,46,38,43
"ASV14",80,264,125,42,81,64,107,0,65,135,39
"ASV15",11,0,168,43,194,100,117,87,118,59,75
"ASV16",61,169,162,74,175,59,82,0,90,0,59
"ASV17",163,667,0,0,0,0,42,0,0,0,0
"ASV18",177,660,0,0,0,0,0,0,0,0,0
"ASV19",90,340,64,21,91,32,34,38,52,14,34
"ASV20",48,208,37,0,35,131,96,86,144,0,0
"ASV21",106,250,82,0,60,45,68,0,62,36,71
"ASV22",95,310,101,0,67,0,81,0,83,0,39
"ASV23",79,296,52,0,50,14,93,0,77,59,23
"ASV24",66,258,0,0,21,28,91,22,104,37,27
"ASV25",32,120,167,34,213,14,18,21,17,0,17
"ASV26",0,0,27,357,0,100,0,114,0,0,0
"ASV27",37,99,67,22,69,40,87,33,73,33,24
"ASV28",0,0,30,296,43,87,0,117,0,0,0
"ASV29",63,182,68,20,129,0,27,0,27,25,31
"ASV30",0,0,0,39,0,260,0,260,0,0,0
"ASV31",41,130,0,0,0,0,44,20,56,124,127
"ASV32",55,215,46,8,42,0,59,26,75,0,8
"ASV33",32,135,42,19,57,31,72,30,68,12,21
"ASV34",49,92,30,0,24,20,56,22,50,84,80
"ASV35",0,34,117,27,133,0,60,0,82,0,50
"ASV36",0,0,0,0,0,0,0,0,0,212,290
"ASV37",90,389,4,0,6,2,2,0,0,0,0
"ASV38",37,181,57,10,69,12,34,10,33,6,7
"ASV39",64,221,28,4,31,8,27,16,30,0,0
"ASV40",83,113,0,0,0,0,77,36,68,51,0
"ASV41",44,213,45,5,41,5,27,0,18,4,7
"ASV42",45,83,49,16,47,20,73,22,53,0,0
"ASV43",0,110,54,0,56,22,54,14,68,8,16
"ASV44",35,53,36,17,18,0,42,26,75,47,48
"ASV45",0,0,0,0,0,0,0,0,0,168,217
"ASV46",65,257,0,0,0,0,22,8,17,0,0
"ASV47",50,253,8,0,8,18,17,0,15,0,0
"ASV48",51,194,26,0,0,0,35,33,27,0,0
"ASV49",39,104,35,0,25,12,41,18,25,21,26
"ASV50",0,0,39,10,51,16,112,15,95,0,4
"ASV51",30,87,11,6,21,47,28,30,55,0,8
"ASV52",0,0,99,27,183,0,0,0,0,0,0
"ASV53",22,90,52,3,47,11,42,8,22,0,0
"ASV54",0,0,62,14,50,12,57,6,39,24,32
"ASV55",49,212,0,0,0,12,0,0,12,0,0
"ASV56",0,48,29,12,31,0,68,37,58,0,0
"ASV57",30,117,17,0,15,13,26,15,32,13,0
"ASV58",0,80,46,0,52,0,30,0,34,16,20
"ASV59",73,149,0,0,0,0,53,0,0,0,0
"ASV60",62,105,0,0,0,0,54,0,50,0,0
"ASV61",9,23,46,17,41,9,21,10,22,22,45
"ASV62",37,203,0,0,0,0,0,0,22,0,0
"ASV63",33,131,15,0,11,5,35,7,18,0,0
"ASV64",32,145,18,0,0,0,29,0,30,0,0
"ASV65",0,0,0,0,0,0,0,0,0,117,129
"ASV66",0,15,17,45,17,41,19,82,0,0,0
"ASV67",35,151,0,0,0,0,28,0,20,0,0
"ASV68",12,46,0,0,0,0,17,10,72,24,53
"ASV69",50,182,0,0,0,0,0,0,0,0,0
"ASV70",15,62,0,0,0,0,0,13,22,63,57
"ASV71",25,111,8,0,15,0,24,0,19,12,17
"ASV72",22,78,12,0,0,0,23,16,17,40,23
"ASV73",48,154,0,0,0,0,0,0,26,0,0
"ASV74",26,76,0,10,19,18,19,31,0,23,0
"ASV75",0,0,0,0,0,0,0,0,0,108,111
"ASV76",0,34,35,7,30,0,26,13,36,20,17
"ASV77",0,62,13,0,10,10,34,9,54,0,20
"ASV78",27,84,23,15,19,0,26,0,17,0,0
"ASV79",0,39,0,0,28,0,73,0,68,0,0
"ASV80",0,11,67,0,63,0,29,0,12,12,14
"ASV81",0,0,0,0,0,0,0,0,0,93,105
"ASV82",0,0,0,0,0,0,0,0,0,72,124
"ASV83",0,0,0,0,0,72,0,122,0,0,0
"ASV84",18,74,0,0,15,18,17,0,26,0,25
"ASV85",0,0,0,193,0,0,0,0,0,0,0
"ASV86",32,119,12,0,0,0,16,0,12,0,0
"ASV87",15,43,0,0,0,0,0,0,0,49,82
"ASV88",0,61,19,0,19,0,46,0,40,0,0
"ASV89",20,60,31,0,11,0,36,0,26,0,0
"ASV90",16,62,27,0,21,0,20,0,37,0,0
"ASV91",22,79,13,0,13,0,20,0,0,19,16
"ASV92",0,40,30,0,32,0,0,0,21,30,26
"ASV93",0,0,43,14,49,0,0,0,41,0,27
"ASV94",21,110,7,0,7,4,9,7,7,0,0
"ASV95",0,31,50,0,40,0,0,0,36,14,0
"ASV96",0,13,0,0,0,0,0,0,10,71,76
"ASV97",21,145,0,0,0,0,0,0,0,0,0
"ASV98",0,0,0,0,0,0,0,0,0,72,94
"ASV99",6,18,32,0,32,5,32,15,18,0,7
"ASV100",13,76,17,0,11,0,16,0,8,8,14
"ASV101",15,59,26,0,0,0,27,0,24,12,0
"ASV102",0,47,0,0,7,0,48,0,59,0,0
"ASV103",21,105,0,0,0,0,25,0,8,0,0
"ASV104",15,42,23,0,28,0,25,4,14,0,7
"ASV105",47,62,7,0,0,9,0,28,0,0,0
"ASV106",13,82,13,0,0,0,19,0,11,13,0
"ASV107",31,28,33,0,43,0,16,0,0,0,0
"ASV108",0,20,0,0,16,0,26,0,23,23,43
"ASV109",0,26,30,0,51,0,15,0,15,0,13
"ASV110",0,22,14,6,19,10,30,7,41,0,0
"ASV111",0,0,0,0,0,0,0,0,0,66,79
"ASV112",0,0,15,5,20,19,38,13,26,5,3
"ASV113",0,0,43,6,40,0,23,0,26,0,0
"ASV114",42,95,0,0,0,0,0,0,0,0,0
"ASV115",0,0,22,0,21,0,54,0,40,0,0
"ASV116",0,22,26,0,44,0,20,0,24,0,0
"ASV117",0,0,0,0,0,0,0,0,0,65,71
"ASV118",15,114,5,0,0,0,0,0,0,0,0
"ASV119",26,108,0,0,0,0,0,0,0,0,0
"ASV120",37,95,0,0,0,0,0,0,0,0,0
"ASV121",60,68,0,0,0,0,0,0,0,0,0
"ASV122",0,0,0,0,0,0,0,0,0,49,79
"ASV123",0,0,0,0,0,0,0,0,0,64,63
"ASV124",47,78,0,0,0,0,0,0,0,0,0
"ASV125",0,47,0,0,0,0,0,0,17,25,36
"ASV126",14,71,0,0,5,0,28,5,0,0,0
"ASV127",30,92,0,0,0,0,0,0,0,0,0
"ASV128",0,18,18,0,7,6,27,8,17,9,11
"ASV129",20,70,0,0,0,0,0,0,0,9,21
"ASV130",0,87,0,0,33,0,0,0,0,0,0
"ASV131",41,57,0,0,19,0,0,0,0,0,0
"ASV132",38,58,21,0,0,0,0,0,0,0,0
"ASV133",8,29,8,0,11,3,17,0,13,15,13
"ASV134",0,23,13,4,16,10,18,8,25,0,0
"ASV135",26,42,0,0,7,14,14,0,13,0,0
"ASV136",0,0,0,0,0,0,0,0,0,72,44
"ASV137",20,94,0,0,0,0,0,0,0,0,0
"ASV138",0,0,21,0,26,0,23,0,22,13,9
"ASV139",0,35,15,0,9,0,25,7,22,0,0
"ASV140",0,72,11,0,0,0,0,0,10,0,19
"ASV141",22,86,0,0,0,0,0,0,0,0,0
"ASV142",29,78,0,0,0,0,0,0,0,0,0
"ASV143",18,88,0,0,0,0,0,0,0,0,0
"ASV144",8,46,16,0,0,0,16,8,12,0,0
"ASV145",0,42,0,0,0,0,37,0,27,0,0
"ASV146",0,52,0,0,10,0,13,0,30,0,0
"ASV147",0,48,20,0,36,0,0,0,0,0,0
"ASV148",0,71,0,0,0,0,0,0,32,0,0
"ASV149",15,53,10,2,14,0,6,2,0,0,0
"ASV150",0,0,0,101,0,0,0,0,0,0,0
"ASV151",0,0,0,0,0,0,0,0,0,51,50
"ASV152",0,15,20,0,18,7,0,6,7,0,27
"ASV153",34,54,0,0,0,10,0,0,0,0,0
"ASV154",15,82,0,0,0,0,0,0,0,0,0
"ASV155",0,24,13,0,19,0,20,0,21,0,0
"ASV156",27,68,0,0,0,0,0,0,0,0,0
"ASV157",0,29,9,0,19,0,29,0,0,9,0
"ASV158",23,71,0,0,0,0,0,0,0,0,0
"ASV159",0,0,0,0,45,0,0,0,49,0,0
"ASV160",0,56,0,0,0,0,0,0,37,0,0
"ASV161",0,0,14,0,11,14,28,0,26,0,0
"ASV162",0,0,0,0,0,22,26,13,27,5,0
"ASV163",0,0,0,0,0,0,0,0,0,48,45
"ASV164",0,0,0,0,0,0,0,0,0,42,51
"ASV165",0,0,0,0,0,0,0,0,0,39,54
"ASV166",0,0,0,0,0,0,0,0,0,41,51
"ASV167",0,0,0,0,0,0,0,0,0,36,56
"ASV168",0,0,0,0,0,24,0,0,0,32,35
"ASV169",2,35,12,2,14,0,9,0,13,0,3
"ASV170",0,25,16,0,16,5,20,0,0,0,8
"ASV171",0,0,27,11,15,0,11,7,19,0,0
"ASV172",0,0,0,0,15,0,0,0,0,37,38
"ASV173",20,60,0,0,0,0,4,0,5,0,0
"ASV174",10,69,0,0,0,0,6,0,4,0,0
"ASV175",0,44,0,0,0,0,0,24,21,0,0
"ASV176",0,0,14,9,22,0,19,0,9,10,6
"ASV177",0,60,0,0,0,0,28,0,0,0,0
"ASV178",14,43,19,0,0,7,0,0,0,0,4
"ASV179",0,0,32,0,0,0,29,0,26,0,0
"ASV180",15,31,9,0,15,0,16,0,0,0,0
"ASV181",18,68,0,0,0,0,0,0,0,0,0
"ASV182",48,38,0,0,0,0,0,0,0,0,0
"ASV183",5,19,23,0,13,0,10,0,7,0,9
"ASV184",0,0,0,0,0,0,0,0,0,41,45
"ASV185",22,63,0,0,0,0,0,0,0,0,0
"ASV186",0,47,0,0,14,0,17,7,0,0,0
"ASV187",0,25,0,0,0,8,27,0,15,5,5
"ASV188",36,48,0,0,0,0,0,0,0,0,0
"ASV189",0,0,0,0,0,0,45,12,0,27,0
"ASV190",0,0,0,0,0,0,0,0,0,25,58
"ASV191",14,51,17,0,0,0,0,0,0,0,0
"ASV192",0,35,0,0,0,6,18,0,23,0,0
"ASV193",10,50,7,3,0,0,0,0,5,6,0
"ASV194",32,47,0,0,0,0,0,0,0,0,0
"ASV195",0,32,0,0,11,7,0,0,13,0,16
"ASV196",0,37,42,0,0,0,0,0,0,0,0
"ASV197",0,5,24,0,0,0,25,0,24,0,0
"ASV198",0,17,0,0,0,0,0,61,0,0,0
"ASV199",0,0,0,0,0,0,0,0,0,37,41
"ASV200",0,18,0,0,0,0,32,0,27,0,0
"ASV201",0,0,18,0,0,4,26,0,29,0,0
"ASV202",5,71,0,0,0,0,0,0,0,0,0
"ASV203",18,47,0,0,0,0,0,11,0,0,0
"ASV204",0,76,0,0,0,0,0,0,0,0,0
"ASV205",0,0,39,0,37,0,0,0,0,0,0
"ASV206",0,0,6,0,0,5,18,8,32,7,0
"ASV207",0,56,0,0,0,0,0,0,0,0,19
"ASV208",0,48,0,0,0,0,0,0,27,0,0
"ASV209",16,58,0,0,0,0,0,0,0,0,0
"ASV210",0,57,0,0,17,0,0,0,0,0,0
"ASV211",13,60,0,0,0,0,0,0,0,0,0
"ASV212",0,0,0,0,0,0,0,0,0,38,34
"ASV213",0,0,0,0,0,0,0,0,0,31,41
"ASV214",10,50,0,0,0,0,0,0,11,0,0
"ASV215",8,63,0,0,0,0,0,0,0,0,0
"ASV216",10,30,0,0,14,17,0,0,0,0,0
"ASV217",0,23,0,0,14,0,19,0,15,0,0
"ASV218",0,71,0,0,0,0,0,0,0,0,0
"ASV219",0,0,0,0,0,0,0,0,0,28,43
"ASV220",7,43,0,0,7,0,13,0,0,0,0
"ASV221",8,35,0,0,8,8,10,0,0,0,0
"ASV222",44,0,0,0,0,0,0,0,0,0,25
"ASV223",0,13,8,0,6,0,24,0,18,0,0
"ASV224",0,16,0,10,25,0,8,0,10,0,0
"ASV225",0,0,0,0,0,0,0,0,0,35,34
"ASV226",0,0,0,0,0,0,0,0,0,30,39
"ASV227",27,41,0,0,0,0,0,0,0,0,0
"ASV228",0,25,0,0,0,0,0,0,0,16,27
"ASV229",0,40,0,0,0,0,28,0,0,0,0
"ASV230",15,23,12,0,7,0,0,0,10,0,0
"ASV231",0,67,0,0,0,0,0,0,0,0,0
"ASV232",0,33,12,0,0,0,11,0,0,0,11
"ASV233",0,0,0,0,0,0,0,0,0,37,30
"ASV234",0,0,0,0,0,0,0,0,0,33,34
"ASV235",28,0,22,0,16,0,0,0,0,0,0
"ASV236",18,20,0,3,0,0,0,0,25,0,0
"ASV237",0,66,0,0,0,0,0,0,0,0,0
"ASV238",0,21,21,0,0,0,24,0,0,0,0
"ASV239",0,0,0,0,0,0,0,0,0,24,42
"ASV240",11,54,0,0,0,0,0,0,0,0,0
"ASV241",0,52,0,0,0,0,13,0,0,0,0
"ASV242",0,19,12,0,0,0,12,0,15,0,7
"ASV243",13,51,0,0,0,0,0,0,0,0,0
"ASV244",0,26,4,0,11,0,23,0,0,0,0
"ASV245",0,0,0,0,0,12,16,13,23,0,0
"ASV246",0,0,0,0,0,0,0,0,0,27,37
"ASV247",7,39,0,0,0,0,0,0,16,0,0
"ASV248",2,23,6,0,2,5,12,5,7,0,0
"ASV249",0,18,0,0,0,8,20,16,0,0,0
"ASV250",0,52,0,0,0,0,0,0,10,0,0
"ASV251",0,0,0,8,9,0,17,6,22,0,0
"ASV252",0,0,0,0,0,0,0,0,0,32,29
"ASV253",0,15,0,0,0,0,0,0,0,29,16
"ASV254",0,22,11,0,8,0,12,0,0,7,0
"ASV255",0,3,4,0,15,7,4,4,0,17,6
"ASV256",0,0,0,0,0,0,0,0,6,23,31
"ASV257",0,0,0,0,0,0,0,0,0,21,39
"ASV258",12,35,12,0,0,0,0,0,0,0,0
"ASV259",0,46,0,0,0,0,0,0,13,0,0
"ASV260",0,0,20,0,0,0,0,0,11,0,28
"ASV261",0,58,0,0,0,0,0,0,0,0,0
"ASV262",0,0,0,0,0,0,0,0,0,25,33
"ASV263",0,0,0,0,0,0,0,0,0,28,30
"ASV264",11,36,0,0,0,0,0,0,10,0,0
"ASV265",0,35,0,0,0,0,0,0,22,0,0
"ASV266",0,57,0,0,0,0,0,0,0,0,0
"ASV267",0,0,0,0,0,0,0,0,0,36,21
"ASV268",0,0,0,0,0,0,0,0,0,26,31
"ASV269",0,0,0,0,0,0,0,0,0,23,34
"ASV270",13,16,0,0,0,0,12,0,0,15,0
"ASV271",18,38,0,0,0,0,0,0,0,0,0
"ASV272",0,56,0,0,0,0,0,0,0,0,0
"ASV273",0,36,20,0,0,0,0,0,0,0,0
"ASV274",0,0,21,0,14,0,0,0,0,0,21
"ASV275",13,18,0,0,0,0,0,0,0,13,11
"ASV276",0,0,0,0,0,0,0,0,0,24,31
"ASV277",31,23,0,0,0,0,0,0,0,0,0
"ASV278",0,54,0,0,0,0,0,0,0,0,0
"ASV279",0,54,0,0,0,0,0,0,0,0,0
"ASV280",0,0,0,6,0,0,13,7,13,15,0
"ASV281",15,38,0,0,0,0,0,0,0,0,0
"ASV282",13,19,0,0,0,0,21,0,0,0,0
"ASV283",13,40,0,0,0,0,0,0,0,0,0
"ASV284",0,10,8,0,0,0,13,5,17,0,0
"ASV285",0,53,0,0,0,0,0,0,0,0,0
"ASV286",0,0,0,0,0,0,0,0,53,0,0
"ASV287",16,36,0,0,0,0,0,0,0,0,0
"ASV288",4,16,0,0,8,0,9,2,5,0,8
"ASV289",0,46,0,0,0,0,0,6,0,0,0
"ASV290",0,0,18,0,22,0,12,0,0,0,0
"ASV291",0,0,0,0,31,0,0,0,21,0,0
"ASV292",0,0,0,0,0,0,0,0,0,23,29
"ASV293",0,0,0,0,0,0,0,0,0,33,19
"ASV294",9,42,0,0,0,0,0,0,0,0,0
"ASV295",0,51,0,0,0,0,0,0,0,0,0
"ASV296",0,31,0,0,0,0,20,0,0,0,0
"ASV297",0,51,0,0,0,0,0,0,0,0,0
"ASV298",0,4,0,0,0,0,0,0,0,18,29
"ASV299",0,0,0,0,0,0,0,0,0,24,27
"ASV300",0,0,0,0,0,0,0,0,0,16,35
"ASV301",9,22,0,0,6,0,13,0,0,0,0
"ASV302",0,28,0,0,0,0,22,0,0,0,0
"ASV303",0,21,7,0,0,0,13,0,9,0,0
"ASV304",0,50,0,0,0,0,0,0,0,0,0
"ASV305",0,0,0,0,0,0,0,0,0,26,24
"ASV306",0,0,0,0,0,0,0,0,0,25,25
"ASV307",9,40,0,0,0,0,0,0,0,0,0
"ASV308",5,22,7,0,9,0,3,0,3,0,0
"ASV309",0,49,0,0,0,0,0,0,0,0,0
"ASV310",0,32,0,0,0,0,17,0,0,0,0
"ASV311",0,0,0,0,0,0,49,0,0,0,0
"ASV312",0,0,0,0,0,0,0,0,0,22,27
"ASV313",20,28,0,0,0,0,0,0,0,0,0
"ASV314",0,19,0,0,0,0,15,0,14,0,0
"ASV315",0,23,0,0,0,0,0,0,25,0,0
"ASV316",0,48,0,0,0,0,0,0,0,0,0
"ASV317",0,2,0,0,0,0,0,0,0,23,23
"ASV318",0,0,0,0,0,32,0,0,16,0,0
"ASV319",0,0,0,0,0,0,0,0,0,19,29
"ASV320",0,0,0,0,0,0,0,0,0,24,24
"ASV321",7,40,0,0,0,0,0,0,0,0,0
"ASV322",7,40,0,0,0,0,0,0,0,0,0
"ASV323",0,21,0,0,0,0,17,0,9,0,0
"ASV324",0,20,0,0,0,0,0,0,18,9,0
"ASV325",0,47,0,0,0,0,0,0,0,0,0
"ASV326",0,16,0,0,0,0,0,0,0,9,22
"ASV327",0,0,0,0,18,0,22,0,7,0,0
"ASV328",0,0,0,0,0,0,47,0,0,0,0
"ASV329",0,46,0,0,0,0,0,0,0,0,0
"ASV330",0,0,6,13,20,0,0,0,0,0,7
"ASV331",0,0,14,0,15,0,0,0,5,12,0
"ASV332",0,0,0,14,32,0,0,0,0,0,0
"ASV333",0,0,0,0,0,0,9,0,0,15,22
"ASV334",0,0,0,0,0,0,0,0,0,14,32
"ASV335",0,0,0,0,0,0,0,0,0,23,23
"ASV336",0,17,0,0,5,4,10,5,4,0,0
"ASV337",0,23,0,0,0,0,0,0,22,0,0
"ASV338",0,24,11,0,0,0,0,0,10,0,0
"ASV339",0,45,0,0,0,0,0,0,0,0,0
"ASV340",0,14,0,0,0,0,0,0,0,8,23
"ASV341",0,0,20,0,11,0,0,0,9,5,0
"ASV342",7,20,0,0,0,2,9,3,3,0,0
"ASV343",0,0,0,0,0,0,44,0,0,0,0
"ASV344",0,0,0,0,0,0,0,0,0,22,22
"ASV345",0,0,0,0,0,0,0,0,0,24,20
"ASV346",25,18,0,0,0,0,0,0,0,0,0
"ASV347",0,43,0,0,0,0,0,0,0,0,0
"ASV348",0,11,0,0,10,0,6,0,9,0,7
"ASV349",0,18,11,0,4,0,0,10,0,0,0
"ASV350",0,21,0,0,22,0,0,0,0,0,0
"ASV351",0,43,0,0,0,0,0,0,0,0,0
"ASV352",0,43,0,0,0,0,0,0,0,0,0
"ASV353",0,0,0,0,0,0,5,0,3,24,11
"ASV354",0,0,0,0,0,0,0,0,0,27,16
"ASV355",13,29,0,0,0,0,0,0,0,0,0
"ASV356",4,19,0,0,0,0,19,0,0,0,0
"ASV357",0,42,0,0,0,0,0,0,0,0,0
"ASV358",0,6,0,0,0,0,0,0,0,14,22
"ASV359",0,20,0,0,22,0,0,0,0,0,0
"ASV360",0,42,0,0,0,0,0,0,0,0,0
"ASV361",0,0,12,0,0,0,8,0,7,0,15
"ASV362",0,0,0,0,0,0,0,0,0,17,25
"ASV363",0,0,0,0,0,0,0,0,0,18,24
"ASV364",0,0,0,0,0,0,0,0,0,23,19
"ASV365",0,41,0,0,0,0,0,0,0,0,0
"ASV366",0,41,0,0,0,0,0,0,0,0,0
"ASV367",0,41,0,0,0,0,0,0,0,0,0
"ASV368",0,6,6,0,6,6,5,0,12,0,0
"ASV369",0,23,0,0,0,0,0,0,0,0,18
"ASV370",0,41,0,0,0,0,0,0,0,0,0
"ASV371",0,0,0,0,0,0,0,0,14,18,9
"ASV372",14,18,0,0,0,0,0,0,8,0,0
"ASV373",6,22,7,0,5,0,0,0,0,0,0
"ASV374",8,32,0,0,0,0,0,0,0,0,0
"ASV375",0,24,0,0,0,0,12,0,4,0,0
"ASV376",0,22,0,0,0,0,0,7,11,0,0
"ASV377",0,21,0,0,0,0,5,0,0,0,14
"ASV378",0,40,0,0,0,0,0,0,0,0,0
"ASV379",0,15,0,0,0,0,11,0,14,0,0
"ASV380",0,40,0,0,0,0,0,0,0,0,0
"ASV381",0,0,14,0,23,0,0,0,0,3,0
"ASV382",0,0,0,0,0,0,0,0,14,0,26
"ASV383",0,0,0,0,0,0,0,0,0,18,22
"ASV384",5,12,4,0,4,0,9,0,5,0,0
"ASV385",4,27,0,0,0,0,8,0,0,0,0
"ASV386",0,21,0,0,0,0,0,0,0,18,0
"ASV387",0,0,19,0,20,0,0,0,0,0,0
"ASV388",0,0,0,0,21,0,0,5,13,0,0
"ASV389",0,0,0,0,5,0,34,0,0,0,0
"ASV390",0,0,0,0,0,0,0,0,0,24,15
"ASV391",0,0,0,0,0,0,0,0,0,20,19
"ASV392",0,0,0,0,0,0,0,0,0,16,23
"ASV393",0,0,0,0,0,0,0,0,0,0,39
"ASV394",5,23,0,0,0,0,5,0,0,0,5
"ASV395",0,19,0,0,0,0,6,0,13,0,0
"ASV396",0,38,0,0,0,0,0,0,0,0,0
"ASV397",0,14,0,0,0,0,0,0,24,0,0
"ASV398",0,38,0,0,0,0,0,0,0,0,0
"ASV399",0,0,0,0,0,6,17,0,15,0,0
"ASV400",0,0,0,0,0,0,0,0,0,13,25
"ASV401",0,0,0,0,0,0,0,0,0,19,19
"ASV402",0,0,0,0,0,0,0,0,0,19,19
"ASV403",22,15,0,0,0,0,0,0,0,0,0
"ASV404",2,0,4,0,0,4,12,0,15,0,0
"ASV405",3,24,0,0,10,0,0,0,0,0,0
"ASV406",0,37,0,0,0,0,0,0,0,0,0
"ASV407",0,37,0,0,0,0,0,0,0,0,0
"ASV408",0,37,0,0,0,0,0,0,0,0,0
"ASV409",0,0,0,0,0,0,0,0,0,24,13
"ASV410",5,23,0,0,0,0,5,0,3,0,0
"ASV411",13,23,0,0,0,0,0,0,0,0,0
"ASV412",6,10,7,0,9,0,0,0,4,0,0
"ASV413",0,32,4,0,0,0,0,0,0,0,0
"ASV414",0,0,9,0,27,0,0,0,0,0,0
"ASV415",0,0,0,0,0,0,0,0,0,18,18
"ASV416",0,0,0,0,0,0,0,0,0,17,19
"ASV417",0,0,0,0,0,0,0,0,0,23,13
"ASV418",10,25,0,0,0,0,0,0,0,0,0
"ASV419",6,8,0,0,8,0,13,0,0,0,0
"ASV420",13,22,0,0,0,0,0,0,0,0,0
"ASV421",7,0,0,0,0,0,0,0,11,4,13
"ASV422",0,27,0,0,0,0,3,0,5,0,0
"ASV423",0,35,0,0,0,0,0,0,0,0,0
"ASV424",0,20,0,0,0,0,15,0,0,0,0
"ASV425",0,35,0,0,0,0,0,0,0,0,0
"ASV426",0,27,0,0,0,0,0,0,8,0,0
"ASV427",0,26,0,0,0,0,9,0,0,0,0
"ASV428",0,11,0,0,10,0,8,0,0,0,6
"ASV429",0,35,0,0,0,0,0,0,0,0,0
"ASV430",0,0,9,0,11,0,0,0,0,0,15
"ASV431",0,0,0,0,0,0,0,0,0,21,14
"ASV432",3,28,3,0,0,0,0,0,0,0,0
"ASV433",0,25,0,0,0,0,9,0,0,0,0
"ASV434",0,29,0,0,0,0,0,0,5,0,0
"ASV435",0,25,0,0,0,0,9,0,0,0,0
"ASV436",0,22,0,0,12,0,0,0,0,0,0
"ASV437",0,11,4,0,7,0,6,0,6,0,0
"ASV438",0,0,21,0,9,4,0,0,0,0,0
"ASV439",0,0,16,0,0,0,0,0,0,18,0
"ASV440",0,0,0,0,0,0,0,0,0,17,17
"ASV441",0,0,0,0,0,0,0,0,0,16,18
"ASV442",33,0,0,0,0,0,0,0,0,0,0
"ASV443",4,24,0,0,0,0,5,0,0,0,0
"ASV444",8,25,0,0,0,0,0,0,0,0,0
"ASV445",0,19,0,0,0,0,14,0,0,0,0
"ASV446",0,33,0,0,0,0,0,0,0,0,0
"ASV447",0,33,0,0,0,0,0,0,0,0,0
"ASV448",0,7,0,0,26,0,0,0,0,0,0
"ASV449",0,0,10,0,0,0,15,0,8,0,0
"ASV450",0,0,29,4,0,0,0,0,0,0,0
"ASV451",0,0,0,0,0,7,0,0,0,0,26
"ASV452",0,0,0,0,0,0,0,0,0,17,16
"ASV453",8,24,0,0,0,0,0,0,0,0,0
"ASV454",0,32,0,0,0,0,0,0,0,0,0
"ASV455",0,21,0,0,0,0,6,0,5,0,0
"ASV456",0,32,0,0,0,0,0,0,0,0,0
"ASV457",0,10,0,0,0,0,22,0,0,0,0
"ASV458",0,32,0,0,0,0,0,0,0,0,0
"ASV459",0,11,0,0,0,0,10,0,11,0,0
"ASV460",0,0,0,0,0,0,17,0,15,0,0
"ASV461",0,0,0,0,0,0,0,0,12,0,20
"ASV462",0,0,0,0,0,0,0,0,5,11,16
"ASV463",0,0,0,0,0,0,0,0,0,15,17
"ASV464",0,0,0,0,0,0,0,0,0,0,32
"ASV465",0,0,0,0,0,0,0,0,0,0,32
"ASV466",0,0,0,0,0,0,0,0,0,0,32
"ASV467",0,28,0,0,3,0,0,0,0,0,0
"ASV468",0,31,0,0,0,0,0,0,0,0,0
"ASV469",0,31,0,0,0,0,0,0,0,0,0
"ASV470",0,19,0,0,0,0,0,0,12,0,0
"ASV471",0,10,0,0,0,0,21,0,0,0,0
"ASV472",0,0,31,0,0,0,0,0,0,0,0
"ASV473",0,0,31,0,0,0,0,0,0,0,0
"ASV474",0,0,0,0,15,0,16,0,0,0,0
"ASV475",0,0,0,0,16,0,0,0,15,0,0
"ASV476",0,0,0,0,0,14,0,17,0,0,0
"ASV477",0,0,0,0,0,0,9,0,16,0,6
"ASV478",0,0,0,0,0,0,7,0,0,12,12
"ASV479",0,0,0,0,0,0,0,0,14,17,0
"ASV480",6,24,0,0,0,0,0,0,0,0,0
"ASV481",10,20,0,0,0,0,0,0,0,0,0
"ASV482",0,30,0,0,0,0,0,0,0,0,0
"ASV483",0,13,5,0,3,0,9,0,0,0,0
"ASV484",0,30,0,0,0,0,0,0,0,0,0
"ASV485",0,30,0,0,0,0,0,0,0,0,0
"ASV486",0,0,0,0,0,8,0,0,20,2,0
"ASV487",0,0,0,0,0,0,30,0,0,0,0
"ASV488",0,0,0,0,0,0,0,0,0,18,12
"ASV489",0,0,0,0,0,0,0,0,0,30,0
"ASV490",0,0,0,0,0,0,0,0,0,30,0
"ASV491",0,0,0,0,0,0,0,0,0,18,12
"ASV492",12,17,0,0,0,0,0,0,0,0,0
"ASV493",6,23,0,0,0,0,0,0,0,0,0
"ASV494",15,14,0,0,0,0,0,0,0,0,0
"ASV495",0,29,0,0,0,0,0,0,0,0,0
"ASV496",0,29,0,0,0,0,0,0,0,0,0
"ASV497",0,29,0,0,0,0,0,0,0,0,0
"ASV498",0,29,0,0,0,0,0,0,0,0,0
"ASV499",0,12,6,0,5,0,6,0,0,0,0
"ASV500",0,20,0,0,0,0,9,0,0,0,0
"ASV501",0,29,0,0,0,0,0,0,0,0,0
"ASV502",0,20,0,0,9,0,0,0,0,0,0
"ASV503",0,29,0,0,0,0,0,0,0,0,0
"ASV504",0,0,0,0,0,29,0,0,0,0,0
"ASV505",0,0,0,0,0,0,0,0,29,0,0
"ASV506",0,0,0,0,0,0,0,0,29,0,0
"ASV507",0,0,0,0,0,0,0,0,0,11,18
"ASV508",0,0,0,0,0,0,0,0,0,0,29
"ASV509",0,0,0,0,0,0,0,0,0,0,29
"ASV510",5,23,0,0,0,0,0,0,0,0,0
"ASV511",13,15,0,0,0,0,0,0,0,0,0
"ASV512",3,25,0,0,0,0,0,0,0,0,0
"ASV513",3,14,0,0,0,0,0,0,9,0,2
"ASV514",0,18,0,0,0,0,0,0,10,0,0
"ASV515",0,28,0,0,0,0,0,0,0,0,0
"ASV516",0,28,0,0,0,0,0,0,0,0,0
"ASV517",0,10,7,0,11,0,0,0,0,0,0
"ASV518",0,10,0,0,0,0,13,5,0,0,0
"ASV519",0,5,0,0,0,11,0,9,0,3,0
"ASV520",0,0,7,0,10,0,0,0,11,0,0
"ASV521",0,0,0,0,0,3,13,3,9,0,0
"ASV522",0,0,0,0,0,0,16,0,12,0,0
"ASV523",0,0,0,0,0,0,0,12,0,0,16
"ASV524",0,0,0,0,0,0,0,0,0,9,19
"ASV525",0,0,0,0,0,0,0,0,0,11,17
"ASV526",8,0,0,0,0,0,9,0,10,0,0
"ASV527",9,18,0,0,0,0,0,0,0,0,0
"ASV528",0,27,0,0,0,0,0,0,0,0,0
"ASV529",0,27,0,0,0,0,0,0,0,0,0
"ASV530",0,24,0,0,0,3,0,0,0,0,0
"ASV531",0,15,4,0,0,0,8,0,0,0,0
"ASV532",0,27,0,0,0,0,0,0,0,0,0
"ASV533",0,27,0,0,0,0,0,0,0,0,0
"ASV534",0,10,0,0,17,0,0,0,0,0,0
"ASV535",0,0,6,0,0,5,0,5,11,0,0
"ASV536",0,0,0,4,0,0,0,0,23,0,0
"ASV537",0,0,0,0,27,0,0,0,0,0,0
"ASV538",0,0,0,0,0,0,27,0,0,0,0
"ASV539",0,0,0,0,0,0,0,0,0,14,13
"ASV540",0,0,0,0,0,0,0,0,0,21,6
"ASV541",0,0,0,0,0,0,0,0,0,27,0
"ASV542",0,0,0,0,0,0,0,0,0,0,27
"ASV543",0,0,0,0,0,0,0,0,0,0,27
"ASV544",0,0,0,0,0,0,0,0,0,0,27
"ASV545",5,19,0,0,0,0,0,0,2,0,0
"ASV546",5,14,0,0,0,0,0,0,0,0,7
"ASV547",3,17,0,0,0,0,0,0,6,0,0
"ASV548",0,9,17,0,0,0,0,0,0,0,0
"ASV549",0,26,0,0,0,0,0,0,0,0,0
"ASV550",0,26,0,0,0,0,0,0,0,0,0
"ASV551",0,9,0,0,0,0,0,0,17,0,0
"ASV552",0,26,0,0,0,0,0,0,0,0,0
"ASV553",0,26,0,0,0,0,0,0,0,0,0
"ASV554",0,26,0,0,0,0,0,0,0,0,0
"ASV555",0,26,0,0,0,0,0,0,0,0,0
"ASV556",0,0,0,0,13,0,13,0,0,0,0
"ASV557",0,0,0,0,0,0,19,7,0,0,0
"ASV558",0,0,0,0,0,0,17,0,0,9,0
"ASV559",0,0,0,0,0,0,0,0,0,26,0
"ASV560",0,0,0,0,0,0,0,0,0,14,12
"ASV561",0,0,0,0,0,0,0,0,0,26,0
"ASV562",0,0,0,0,0,0,0,0,0,0,26
"ASV563",5,17,0,0,0,0,3,0,0,0,0
"ASV564",0,25,0,0,0,0,0,0,0,0,0
"ASV565",0,25,0,0,0,0,0,0,0,0,0
"ASV566",0,0,0,0,0,0,21,4,0,0,0
"ASV567",0,0,0,0,0,0,0,25,0,0,0
"ASV568",0,0,0,0,0,0,0,0,11,0,14
"ASV569",0,0,0,0,0,0,0,0,25,0,0
"ASV570",0,0,0,0,0,0,0,0,0,14,11
"ASV571",0,0,0,0,0,0,0,0,0,25,0
"ASV572",0,0,0,0,0,0,0,0,0,11,14
"ASV573",0,0,0,0,0,0,0,0,0,25,0
"ASV574",0,0,0,0,0,0,0,0,0,14,11
"ASV575",0,0,0,0,0,0,0,0,0,9,16
"ASV576",0,0,0,0,0,0,0,0,0,12,13
"ASV577",0,0,0,0,0,0,0,0,0,8,17
"ASV578",0,0,0,0,0,0,0,0,0,13,12
"ASV579",8,16,0,0,0,0,0,0,0,0,0
"ASV580",8,16,0,0,0,0,0,0,0,0,0
"ASV581",14,0,0,0,0,0,10,0,0,0,0
"ASV582",8,16,0,0,0,0,0,0,0,0,0
"ASV583",0,24,0,0,0,0,0,0,0,0,0
"ASV584",0,24,0,0,0,0,0,0,0,0,0
"ASV585",0,9,3,0,6,2,4,0,0,0,0
"ASV586",0,24,0,0,0,0,0,0,0,0,0
"ASV587",0,24,0,0,0,0,0,0,0,0,0
"ASV588",0,15,0,0,0,9,0,0,0,0,0
"ASV589",0,0,13,0,11,0,0,0,0,0,0
"ASV590",0,0,12,0,0,12,0,0,0,0,0
"ASV591",0,0,0,0,11,0,0,0,13,0,0
"ASV592",0,0,0,0,0,0,0,0,0,12,12
"ASV593",0,0,0,0,0,0,0,0,0,10,14
"ASV594",0,0,0,0,0,0,0,0,0,9,15
"ASV595",0,0,0,0,0,0,0,0,0,13,11
"ASV596",0,0,0,0,0,0,0,0,0,0,24
"ASV597",13,10,0,0,0,0,0,0,0,0,0
"ASV598",8,15,0,0,0,0,0,0,0,0,0
"ASV599",23,0,0,0,0,0,0,0,0,0,0
"ASV600",0,23,0,0,0,0,0,0,0,0,0
"ASV601",0,20,0,0,0,0,0,0,3,0,0
"ASV602",0,23,0,0,0,0,0,0,0,0,0
"ASV603",0,0,8,0,6,0,0,0,9,0,0
"ASV604",0,0,0,0,0,0,23,0,0,0,0
"ASV605",0,0,0,0,0,0,9,0,0,14,0
"ASV606",0,0,0,0,0,0,0,0,0,12,11
"ASV607",0,0,0,0,0,0,0,0,0,11,12
"ASV608",0,0,0,0,0,0,0,0,0,12,11
"ASV609",0,0,0,0,0,0,0,0,0,0,23
"ASV610",0,0,0,0,0,0,0,0,0,0,23
"ASV611",0,0,0,0,0,0,0,0,0,0,23
"ASV612",22,0,0,0,0,0,0,0,0,0,0
"ASV613",7,0,0,0,0,0,0,3,0,12,0
"ASV614",4,11,0,0,0,0,0,0,7,0,0
"ASV615",0,14,0,0,0,0,0,0,8,0,0
"ASV616",0,14,0,0,0,0,0,0,8,0,0
"ASV617",0,22,0,0,0,0,0,0,0,0,0
"ASV618",0,18,4,0,0,0,0,0,0,0,0
"ASV619",0,22,0,0,0,0,0,0,0,0,0
"ASV620",0,22,0,0,0,0,0,0,0,0,0
"ASV621",0,0,0,0,13,9,0,0,0,0,0
"ASV622",0,0,0,0,0,5,11,0,6,0,0
"ASV623",0,0,0,0,0,0,22,0,0,0,0
"ASV624",0,0,0,0,0,0,0,0,0,22,0
"ASV625",0,0,0,0,0,0,0,0,0,22,0
"ASV626",0,0,0,0,0,0,0,0,0,9,13
"ASV627",0,0,0,0,0,0,0,0,0,0,22
"ASV628",0,0,0,0,0,0,0,0,0,0,22
"ASV629",0,21,0,0,0,0,0,0,0,0,0
"ASV630",0,21,0,0,0,0,0,0,0,0,0
"ASV631",0,9,12,0,0,0,0,0,0,0,0
"ASV632",0,21,0,0,0,0,0,0,0,0,0
"ASV633",0,0,17,4,0,0,0,0,0,0,0
"ASV634",0,0,21,0,0,0,0,0,0,0,0
"ASV635",0,0,0,0,0,0,10,0,11,0,0
"ASV636",0,0,0,0,0,0,12,0,9,0,0
"ASV637",0,0,0,0,0,0,7,0,5,0,9
"ASV638",0,0,0,0,0,0,0,0,0,21,0
"ASV639",0,0,0,0,0,0,0,0,0,21,0
"ASV640",0,0,0,0,0,0,0,0,0,21,0
"ASV641",5,15,0,0,0,0,0,0,0,0,0
"ASV642",8,12,0,0,0,0,0,0,0,0,0
"ASV643",0,20,0,0,0,0,0,0,0,0,0
"ASV644",0,20,0,0,0,0,0,0,0,0,0
"ASV645",0,14,0,0,6,0,0,0,0,0,0
"ASV646",0,20,0,0,0,0,0,0,0,0,0
"ASV647",0,12,0,0,0,0,0,0,8,0,0
"ASV648",0,20,0,0,0,0,0,0,0,0,0
"ASV649",0,20,0,0,0,0,0,0,0,0,0
"ASV650",0,0,10,0,5,0,5,0,0,0,0
"ASV651",0,0,20,0,0,0,0,0,0,0,0
"ASV652",0,0,0,0,0,20,0,0,0,0,0
"ASV653",0,0,0,0,0,0,20,0,0,0,0
"ASV654",0,0,0,0,0,0,20,0,0,0,0
"ASV655",0,0,0,0,0,0,0,20,0,0,0
"ASV656",0,0,0,0,0,0,0,0,20,0,0
"ASV657",0,0,0,0,0,0,0,0,0,10,10
"ASV658",0,0,0,0,0,0,0,0,0,8,12
"ASV659",0,0,0,0,0,0,0,0,0,11,9
"ASV660",0,0,0,0,0,0,0,0,0,11,9
"ASV661",19,0,0,0,0,0,0,0,0,0,0
"ASV662",0,19,0,0,0,0,0,0,0,0,0
"ASV663",0,19,0,0,0,0,0,0,0,0,0
"ASV664",0,19,0,0,0,0,0,0,0,0,0
"ASV665",0,11,5,0,0,0,0,0,3,0,0
"ASV666",0,19,0,0,0,0,0,0,0,0,0
"ASV667",0,19,0,0,0,0,0,0,0,0,0
"ASV668",0,17,0,2,0,0,0,0,0,0,0
"ASV669",0,19,0,0,0,0,0,0,0,0,0
"ASV670",0,15,4,0,0,0,0,0,0,0,0
"ASV671",0,11,0,0,0,0,0,0,8,0,0
"ASV672",0,12,0,0,0,0,0,0,0,0,7
"ASV673",0,0,0,0,19,0,0,0,0,0,0
"ASV674",0,0,0,0,19,0,0,0,0,0,0
"ASV675",0,0,0,0,0,0,10,0,9,0,0
"ASV676",0,0,0,0,0,0,19,0,0,0,0
"ASV677",0,0,0,0,0,0,0,0,0,8,11
"ASV678",0,0,0,0,0,0,0,0,0,6,13
"ASV679",0,0,0,0,0,0,0,0,0,9,10
"ASV680",0,0,0,0,0,0,0,0,0,12,7
"ASV681",0,0,0,0,0,0,0,0,0,10,9
"ASV682",0,0,0,0,0,0,0,0,0,19,0
"ASV683",0,0,0,0,0,0,0,0,0,10,9
"ASV684",0,0,0,0,0,0,0,0,0,19,0
"ASV685",0,0,0,0,0,0,0,0,0,8,11
"ASV686",0,0,0,0,0,0,0,0,0,0,19
"ASV687",5,13,0,0,0,0,0,0,0,0,0
"ASV688",18,0,0,0,0,0,0,0,0,0,0
"ASV689",2,0,7,0,0,0,5,0,4,0,0
"ASV690",0,18,0,0,0,0,0,0,0,0,0
"ASV691",0,18,0,0,0,0,0,0,0,0,0
"ASV692",0,18,0,0,0,0,0,0,0,0,0
"ASV693",0,18,0,0,0,0,0,0,0,0,0
"ASV694",0,18,0,0,0,0,0,0,0,0,0
"ASV695",0,16,0,0,0,0,2,0,0,0,0
"ASV696",0,15,0,0,0,0,3,0,0,0,0
"ASV697",0,6,0,0,10,2,0,0,0,0,0
"ASV698",0,10,4,0,4,0,0,0,0,0,0
"ASV699",0,12,0,0,0,0,0,0,6,0,0
"ASV700",0,18,0,0,0,0,0,0,0,0,0
"ASV701",0,15,0,0,0,3,0,0,0,0,0
"ASV702",0,18,0,0,0,0,0,0,0,0,0
"ASV703",0,0,18,0,0,0,0,0,0,0,0
"ASV704",0,0,18,0,0,0,0,0,0,0,0
"ASV705",0,0,0,0,0,0,0,0,18,0,0
"ASV706",0,0,0,0,0,0,0,0,0,10,8
"ASV707",0,0,0,0,0,0,0,0,0,11,7
"ASV708",0,0,0,0,0,0,0,0,0,7,11
"ASV709",0,0,0,0,0,0,0,0,0,6,12
"ASV710",0,0,0,0,0,0,0,0,0,0,18
"ASV711",5,12,0,0,0,0,0,0,0,0,0
"ASV712",0,17,0,0,0,0,0,0,0,0,0
"ASV713",0,17,0,0,0,0,0,0,0,0,0
"ASV714",0,11,0,0,0,0,6,0,0,0,0
"ASV715",0,17,0,0,0,0,0,0,0,0,0
"ASV716",0,17,0,0,0,0,0,0,0,0,0
"ASV717",0,6,0,0,3,0,0,0,8,0,0
"ASV718",0,17,0,0,0,0,0,0,0,0,0
"ASV719",0,17,0,0,0,0,0,0,0,0,0
"ASV720",0,17,0,0,0,0,0,0,0,0,0
"ASV721",0,17,0,0,0,0,0,0,0,0,0
"ASV722",0,17,0,0,0,0,0,0,0,0,0
"ASV723",0,17,0,0,0,0,0,0,0,0,0
"ASV724",0,17,0,0,0,0,0,0,0,0,0
"ASV725",0,17,0,0,0,0,0,0,0,0,0
"ASV726",0,17,0,0,0,0,0,0,0,0,0
"ASV727",0,0,3,0,9,0,5,0,0,0,0
"ASV728",0,0,0,0,0,0,17,0,0,0,0
"ASV729",0,0,0,0,0,0,17,0,0,0,0
"ASV730",0,0,0,0,0,0,0,0,17,0,0
"ASV731",0,0,0,0,0,0,0,0,17,0,0
"ASV732",0,0,0,0,0,0,0,0,0,8,9
"ASV733",0,0,0,0,0,0,0,0,0,7,10
"ASV734",0,0,0,0,0,0,0,0,0,0,17
"ASV735",16,0,0,0,0,0,0,0,0,0,0
"ASV736",4,12,0,0,0,0,0,0,0,0,0
"ASV737",9,7,0,0,0,0,0,0,0,0,0
"ASV738",5,9,0,0,2,0,0,0,0,0,0
"ASV739",4,10,0,0,0,0,2,0,0,0,0
"ASV740",3,13,0,0,0,0,0,0,0,0,0
"ASV741",10,0,0,0,0,0,6,0,0,0,0
"ASV742",3,13,0,0,0,0,0,0,0,0,0
"ASV743",3,13,0,0,0,0,0,0,0,0,0
"ASV744",4,0,0,0,0,0,12,0,0,0,0
"ASV745",5,11,0,0,0,0,0,0,0,0,0
"ASV746",0,16,0,0,0,0,0,0,0,0,0
"ASV747",0,16,0,0,0,0,0,0,0,0,0
"ASV748",0,16,0,0,0,0,0,0,0,0,0
"ASV749",0,16,0,0,0,0,0,0,0,0,0
"ASV750",0,16,0,0,0,0,0,0,0,0,0
"ASV751",0,16,0,0,0,0,0,0,0,0,0
"ASV752",0,16,0,0,0,0,0,0,0,0,0
"ASV753",0,16,0,0,0,0,0,0,0,0,0
"ASV754",0,16,0,0,0,0,0,0,0,0,0
"ASV755",0,16,0,0,0,0,0,0,0,0,0
"ASV756",0,16,0,0,0,0,0,0,0,0,0
"ASV757",0,16,0,0,0,0,0,0,0,0,0
"ASV758",0,16,0,0,0,0,0,0,0,0,0
"ASV759",0,16,0,0,0,0,0,0,0,0,0
"ASV760",0,7,0,0,0,0,0,0,0,0,9
"ASV761",0,8,0,0,8,0,0,0,0,0,0
"ASV762",0,16,0,0,0,0,0,0,0,0,0
"ASV763",0,0,11,0,0,0,3,0,0,2,0
"ASV764",0,0,0,0,7,0,0,0,4,5,0
"ASV765",0,0,0,0,0,0,16,0,0,0,0
"ASV766",0,0,0,0,0,0,6,0,10,0,0
"ASV767",0,0,0,0,0,0,16,0,0,0,0
"ASV768",0,0,0,0,0,0,16,0,0,0,0
"ASV769",0,0,0,0,0,0,0,16,0,0,0
"ASV770",0,0,0,0,0,0,0,0,16,0,0
"ASV771",0,0,0,0,0,0,0,0,16,0,0
"ASV772",0,0,0,0,0,0,0,0,16,0,0
"ASV773",0,0,0,0,0,0,0,0,0,16,0
"ASV774",0,0,0,0,0,0,0,0,0,16,0
"ASV775",0,0,0,0,0,0,0,0,0,5,11
"ASV776",0,0,0,0,0,0,0,0,0,0,16
"ASV777",0,0,0,0,0,0,0,0,0,0,16
"ASV778",0,0,0,0,0,0,0,0,0,0,16
"ASV779",0,0,0,0,0,0,0,0,0,0,16
"ASV780",15,0,0,0,0,0,0,0,0,0,0
"ASV781",15,0,0,0,0,0,0,0,0,0,0
"ASV782",3,12,0,0,0,0,0,0,0,0,0
"ASV783",0,15,0,0,0,0,0,0,0,0,0
"ASV784",0,15,0,0,0,0,0,0,0,0,0
"ASV785",0,15,0,0,0,0,0,0,0,0,0
"ASV786",0,15,0,0,0,0,0,0,0,0,0
"ASV787",0,7,0,0,0,0,0,0,0,3,5
"ASV788",0,15,0,0,0,0,0,0,0,0,0
"ASV789",0,11,0,0,4,0,0,0,0,0,0
"ASV790",0,15,0,0,0,0,0,0,0,0,0
"ASV791",0,15,0,0,0,0,0,0,0,0,0
"ASV792",0,15,0,0,0,0,0,0,0,0,0
"ASV793",0,15,0,0,0,0,0,0,0,0,0
"ASV794",0,15,0,0,0,0,0,0,0,0,0
"ASV795",0,15,0,0,0,0,0,0,0,0,0
"ASV796",0,9,0,0,0,0,6,0,0,0,0
"ASV797",0,15,0,0,0,0,0,0,0,0,0
"ASV798",0,6,5,0,4,0,0,0,0,0,0
"ASV799",0,15,0,0,0,0,0,0,0,0,0
"ASV800",0,15,0,0,0,0,0,0,0,0,0
"ASV801",0,15,0,0,0,0,0,0,0,0,0
"ASV802",0,0,15,0,0,0,0,0,0,0,0
"ASV803",0,0,8,3,0,0,0,0,0,0,4
"ASV804",0,0,15,0,0,0,0,0,0,0,0
"ASV805",0,0,8,0,7,0,0,0,0,0,0
"ASV806",0,0,0,0,0,6,0,0,9,0,0
"ASV807",0,0,0,0,0,0,15,0,0,0,0
"ASV808",0,0,0,0,0,0,15,0,0,0,0
"ASV809",0,0,0,0,0,0,0,15,0,0,0
"ASV810",0,0,0,0,0,0,0,0,15,0,0
"ASV811",0,0,0,0,0,0,0,0,0,4,11
"ASV812",0,0,0,0,0,0,0,0,0,5,10
"ASV813",0,0,0,0,0,0,0,0,0,15,0
"ASV814",0,0,0,0,0,0,0,0,0,9,6
"ASV815",0,0,0,0,0,0,0,0,0,0,15
"ASV816",0,0,0,0,0,0,0,0,0,0,15
"ASV817",0,0,0,0,0,0,0,0,0,0,15
"ASV818",0,0,0,0,0,0,0,0,0,0,15
"ASV819",0,0,0,0,0,0,0,0,0,0,15
"ASV820",0,0,0,0,0,0,0,0,0,0,15
"ASV821",0,0,0,0,0,0,0,0,0,0,15
"ASV822",0,0,0,0,0,0,0,0,0,0,15
"ASV823",7,0,0,0,0,0,0,0,7,0,0
"ASV824",3,8,0,0,0,0,0,0,0,0,3
"ASV825",14,0,0,0,0,0,0,0,0,0,0
"ASV826",4,10,0,0,0,0,0,0,0,0,0
"ASV827",0,14,0,0,0,0,0,0,0,0,0
"ASV828",0,14,0,0,0,0,0,0,0,0,0
"ASV829",0,14,0,0,0,0,0,0,0,0,0
"ASV830",0,11,0,0,0,0,0,3,0,0,0
"ASV831",0,14,0,0,0,0,0,0,0,0,0
"ASV832",0,14,0,0,0,0,0,0,0,0,0
"ASV833",0,14,0,0,0,0,0,0,0,0,0
"ASV834",0,10,0,0,0,0,0,0,4,0,0
"ASV835",0,14,0,0,0,0,0,0,0,0,0
"ASV836",0,14,0,0,0,0,0,0,0,0,0
"ASV837",0,9,0,0,0,0,2,0,3,0,0
"ASV838",0,14,0,0,0,0,0,0,0,0,0
"ASV839",0,14,0,0,0,0,0,0,0,0,0
"ASV840",0,14,0,0,0,0,0,0,0,0,0
"ASV841",0,14,0,0,0,0,0,0,0,0,0
"ASV842",0,14,0,0,0,0,0,0,0,0,0
"ASV843",0,14,0,0,0,0,0,0,0,0,0
"ASV844",0,14,0,0,0,0,0,0,0,0,0
"ASV845",0,14,0,0,0,0,0,0,0,0,0
"ASV846",0,14,0,0,0,0,0,0,0,0,0
"ASV847",0,14,0,0,0,0,0,0,0,0,0
"ASV848",0,0,8,0,4,0,0,0,2,0,0
"ASV849",0,0,0,0,5,0,0,0,0,0,9
"ASV850",0,0,0,0,14,0,0,0,0,0,0
"ASV851",0,0,0,0,14,0,0,0,0,0,0
"ASV852",0,0,0,0,0,0,10,0,4,0,0
"ASV853",0,0,0,0,0,0,14,0,0,0,0
"ASV854",0,0,0,0,0,0,0,14,0,0,0
"ASV855",0,0,0,0,0,0,0,14,0,0,0
"ASV856",0,0,0,0,0,0,0,0,0,6,8
"ASV857",0,0,0,0,0,0,0,0,0,14,0
"ASV858",0,0,0,0,0,0,0,0,0,6,8
"ASV859",0,0,0,0,0,0,0,0,0,8,6
"ASV860",0,0,0,0,0,0,0,0,0,14,0
"ASV861",0,0,0,0,0,0,0,0,0,0,14
"ASV862",0,0,0,0,0,0,0,0,0,0,14
"ASV863",0,0,0,0,0,0,0,0,0,0,14
"ASV864",13,0,0,0,0,0,0,0,0,0,0
"ASV865",3,10,0,0,0,0,0,0,0,0,0
"ASV866",0,13,0,0,0,0,0,0,0,0,0
"ASV867",0,13,0,0,0,0,0,0,0,0,0
"ASV868",0,13,0,0,0,0,0,0,0,0,0
"ASV869",0,13,0,0,0,0,0,0,0,0,0
"ASV870",0,13,0,0,0,0,0,0,0,0,0
"ASV871",0,10,0,0,0,0,0,0,3,0,0
"ASV872",0,13,0,0,0,0,0,0,0,0,0
"ASV873",0,11,0,0,0,2,0,0,0,0,0
"ASV874",0,13,0,0,0,0,0,0,0,0,0
"ASV875",0,7,0,0,0,0,0,0,6,0,0
"ASV876",0,5,2,0,6,0,0,0,0,0,0
"ASV877",0,13,0,0,0,0,0,0,0,0,0
"ASV878",0,13,0,0,0,0,0,0,0,0,0
"ASV879",0,13,0,0,0,0,0,0,0,0,0
"ASV880",0,13,0,0,0,0,0,0,0,0,0
"ASV881",0,13,0,0,0,0,0,0,0,0,0
"ASV882",0,13,0,0,0,0,0,0,0,0,0
"ASV883",0,13,0,0,0,0,0,0,0,0,0
"ASV884",0,13,0,0,0,0,0,0,0,0,0
"ASV885",0,0,13,0,0,0,0,0,0,0,0
"ASV886",0,0,13,0,0,0,0,0,0,0,0
"ASV887",0,0,6,0,0,0,0,0,7,0,0
"ASV888",0,0,0,0,13,0,0,0,0,0,0
"ASV889",0,0,0,0,13,0,0,0,0,0,0
"ASV890",0,0,0,0,0,5,0,0,0,0,8
"ASV891",0,0,0,0,0,13,0,0,0,0,0
"ASV892",0,0,0,0,0,13,0,0,0,0,0
"ASV893",0,0,0,0,0,0,13,0,0,0,0
"ASV894",0,0,0,0,0,0,7,0,0,0,6
"ASV895",0,0,0,0,0,0,13,0,0,0,0
"ASV896",0,0,0,0,0,0,0,0,13,0,0
"ASV897",0,0,0,0,0,0,0,0,0,9,4
"ASV898",0,0,0,0,0,0,0,0,0,13,0
"ASV899",0,0,0,0,0,0,0,0,0,5,8
"ASV900",0,0,0,0,0,0,0,0,0,4,9
"ASV901",0,0,0,0,0,0,0,0,0,13,0
"ASV902",0,0,0,0,0,0,0,0,0,13,0
"ASV903",0,0,0,0,0,0,0,0,0,13,0
"ASV904",0,0,0,0,0,0,0,0,0,0,13
"ASV905",0,0,0,0,0,0,0,0,0,0,13
"ASV906",0,0,0,0,0,0,0,0,0,0,13
"ASV907",0,0,0,0,0,0,0,0,0,0,13
"ASV908",0,0,0,0,0,0,0,0,0,0,13
"ASV909",12,0,0,0,0,0,0,0,0,0,0
"ASV910",0,12,0,0,0,0,0,0,0,0,0
"ASV911",0,12,0,0,0,0,0,0,0,0,0
"ASV912",0,7,0,0,0,0,3,2,0,0,0
"ASV913",0,12,0,0,0,0,0,0,0,0,0
"ASV914",0,12,0,0,0,0,0,0,0,0,0
"ASV915",0,8,0,0,0,0,4,0,0,0,0
"ASV916",0,12,0,0,0,0,0,0,0,0,0
"ASV917",0,12,0,0,0,0,0,0,0,0,0
"ASV918",0,12,0,0,0,0,0,0,0,0,0
"ASV919",0,12,0,0,0,0,0,0,0,0,0
"ASV920",0,12,0,0,0,0,0,0,0,0,0
"ASV921",0,12,0,0,0,0,0,0,0,0,0
"ASV922",0,12,0,0,0,0,0,0,0,0,0
"ASV923",0,12,0,0,0,0,0,0,0,0,0
"ASV924",0,12,0,0,0,0,0,0,0,0,0
"ASV925",0,12,0,0,0,0,0,0,0,0,0
"ASV926",0,12,0,0,0,0,0,0,0,0,0
"ASV927",0,0,12,0,0,0,0,0,0,0,0
"ASV928",0,0,2,0,0,0,0,0,0,0,10
"ASV929",0,0,5,0,0,0,0,0,7,0,0
"ASV930",0,0,7,0,0,0,5,0,0,0,0
"ASV931",0,0,0,0,12,0,0,0,0,0,0
"ASV932",0,0,0,0,12,0,0,0,0,0,0
"ASV933",0,0,0,0,12,0,0,0,0,0,0
"ASV934",0,0,0,0,0,0,12,0,0,0,0
"ASV935",0,0,0,0,0,0,12,0,0,0,0
"ASV936",0,0,0,0,0,0,7,0,5,0,0
"ASV937",0,0,0,0,0,0,12,0,0,0,0
"ASV938",0,0,0,0,0,0,12,0,0,0,0
"ASV939",0,0,0,0,0,0,0,12,0,0,0
"ASV940",0,0,0,0,0,0,0,12,0,0,0
"ASV941",0,0,0,0,0,0,0,0,12,0,0
"ASV942",0,0,0,0,0,0,0,0,12,0,0
"ASV943",0,0,0,0,0,0,0,0,0,5,7
"ASV944",0,0,0,0,0,0,0,0,0,6,6
"ASV945",0,0,0,0,0,0,0,0,0,12,0
"ASV946",0,0,0,0,0,0,0,0,0,12,0
"ASV947",0,0,0,0,0,0,0,0,0,12,0
"ASV948",0,0,0,0,0,0,0,0,0,7,5
"ASV949",0,0,0,0,0,0,0,0,0,7,5
"ASV950",0,0,0,0,0,0,0,0,0,12,0
"ASV951",0,0,0,0,0,0,0,0,0,4,8
"ASV952",0,0,0,0,0,0,0,0,0,0,12
"ASV953",0,0,0,0,0,0,0,0,0,0,12
"ASV954",0,0,0,0,0,0,0,0,0,0,12
"ASV955",0,0,0,0,0,0,0,0,0,0,12
"ASV956",0,0,0,0,0,0,0,0,0,0,12
"ASV957",11,0,0,0,0,0,0,0,0,0,0
"ASV958",4,7,0,0,0,0,0,0,0,0,0
"ASV959",4,0,0,0,0,0,0,0,0,7,0
"ASV960",0,11,0,0,0,0,0,0,0,0,0
"ASV961",0,11,0,0,0,0,0,0,0,0,0
"ASV962",0,11,0,0,0,0,0,0,0,0,0
"ASV963",0,7,0,0,0,2,2,0,0,0,0
"ASV964",0,9,0,0,2,0,0,0,0,0,0
"ASV965",0,11,0,0,0,0,0,0,0,0,0
"ASV966",0,3,0,0,0,0,0,0,0,0,8
"ASV967",0,8,0,0,0,0,0,0,3,0,0
"ASV968",0,11,0,0,0,0,0,0,0,0,0
"ASV969",0,11,0,0,0,0,0,0,0,0,0
"ASV970",0,3,0,0,0,0,8,0,0,0,0
"ASV971",0,11,0,0,0,0,0,0,0,0,0
"ASV972",0,11,0,0,0,0,0,0,0,0,0
"ASV973",0,4,2,0,0,0,0,0,5,0,0
"ASV974",0,11,0,0,0,0,0,0,0,0,0
"ASV975",0,11,0,0,0,0,0,0,0,0,0
"ASV976",0,11,0,0,0,0,0,0,0,0,0
"ASV977",0,11,0,0,0,0,0,0,0,0,0
"ASV978",0,0,6,0,5,0,0,0,0,0,0
"ASV979",0,0,11,0,0,0,0,0,0,0,0
"ASV980",0,0,5,0,0,0,0,0,6,0,0
"ASV981",0,0,3,0,0,0,8,0,0,0,0
"ASV982",0,0,11,0,0,0,0,0,0,0,0
"ASV983",0,0,0,0,11,0,0,0,0,0,0
"ASV984",0,0,0,0,0,0,11,0,0,0,0
"ASV985",0,0,0,0,0,0,11,0,0,0,0
"ASV986",0,0,0,0,0,0,11,0,0,0,0
"ASV987",0,0,0,0,0,0,11,0,0,0,0
"ASV988",0,0,0,0,0,0,11,0,0,0,0
"ASV989",0,0,0,0,0,0,11,0,0,0,0
"ASV990",0,0,0,0,0,0,0,0,11,0,0
"ASV991",0,0,0,0,0,0,0,0,0,4,7
"ASV992",0,0,0,0,0,0,0,0,0,11,0
"ASV993",0,0,0,0,0,0,0,0,0,6,5
"ASV994",0,0,0,0,0,0,0,0,0,2,9
"ASV995",0,0,0,0,0,0,0,0,0,0,11
"ASV996",0,0,0,0,0,0,0,0,0,0,11
"ASV997",0,0,0,0,0,0,0,0,0,0,11
"ASV998",10,0,0,0,0,0,0,0,0,0,0
"ASV999",0,7,0,0,0,0,3,0,0,0,0
"ASV1000",0,10,0,0,0,0,0,0,0,0,0
"ASV1001",0,10,0,0,0,0,0,0,0,0,0
"ASV1002",0,10,0,0,0,0,0,0,0,0,0
"ASV1003",0,10,0,0,0,0,0,0,0,0,0
"ASV1004",0,10,0,0,0,0,0,0,0,0,0
"ASV1005",0,10,0,0,0,0,0,0,0,0,0
"ASV1006",0,10,0,0,0,0,0,0,0,0,0
"ASV1007",0,10,0,0,0,0,0,0,0,0,0
"ASV1008",0,10,0,0,0,0,0,0,0,0,0
"ASV1009",0,10,0,0,0,0,0,0,0,0,0
"ASV1010",0,10,0,0,0,0,0,0,0,0,0
"ASV1011",0,10,0,0,0,0,0,0,0,0,0
"ASV1012",0,10,0,0,0,0,0,0,0,0,0
"ASV1013",0,6,0,0,0,0,4,0,0,0,0
"ASV1014",0,10,0,0,0,0,0,0,0,0,0
"ASV1015",0,10,0,0,0,0,0,0,0,0,0
"ASV1016",0,10,0,0,0,0,0,0,0,0,0
"ASV1017",0,10,0,0,0,0,0,0,0,0,0
"ASV1018",0,10,0,0,0,0,0,0,0,0,0
"ASV1019",0,10,0,0,0,0,0,0,0,0,0
"ASV1020",0,2,0,0,0,0,0,0,0,3,5
"ASV1021",0,10,0,0,0,0,0,0,0,0,0
"ASV1022",0,10,0,0,0,0,0,0,0,0,0
"ASV1023",0,0,10,0,0,0,0,0,0,0,0
"ASV1024",0,0,10,0,0,0,0,0,0,0,0
"ASV1025",0,0,10,0,0,0,0,0,0,0,0
"ASV1026",0,0,10,0,0,0,0,0,0,0,0
"ASV1027",0,0,10,0,0,0,0,0,0,0,0
"ASV1028",0,0,0,0,6,0,0,0,4,0,0
"ASV1029",0,0,0,0,2,0,0,0,0,0,8
"ASV1030",0,0,0,0,10,0,0,0,0,0,0
"ASV1031",0,0,0,0,10,0,0,0,0,0,0
"ASV1032",0,0,0,0,10,0,0,0,0,0,0
"ASV1033",0,0,0,0,10,0,0,0,0,0,0
"ASV1034",0,0,0,0,10,0,0,0,0,0,0
"ASV1035",0,0,0,0,0,0,5,2,3,0,0
"ASV1036",0,0,0,0,0,0,10,0,0,0,0
"ASV1037",0,0,0,0,0,0,10,0,0,0,0
"ASV1038",0,0,0,0,0,0,10,0,0,0,0
"ASV1039",0,0,0,0,0,0,10,0,0,0,0
"ASV1040",0,0,0,0,0,0,0,10,0,0,0
"ASV1041",0,0,0,0,0,0,0,0,10,0,0
"ASV1042",0,0,0,0,0,0,0,0,0,10,0
"ASV1043",0,0,0,0,0,0,0,0,0,10,0
"ASV1044",0,0,0,0,0,0,0,0,0,10,0
"ASV1045",0,0,0,0,0,0,0,0,0,4,6
"ASV1046",0,0,0,0,0,0,0,0,0,0,10
"ASV1047",0,0,0,0,0,0,0,0,0,0,10
"ASV1048",0,0,0,0,0,0,0,0,0,0,10
"ASV1049",0,0,0,0,0,0,0,0,0,0,10
"ASV1050",0,0,0,0,0,0,0,0,0,0,10
"ASV1051",0,0,0,0,0,0,0,0,0,0,10
"ASV1052",3,6,0,0,0,0,0,0,0,0,0
"ASV1053",9,0,0,0,0,0,0,0,0,0,0
"ASV1054",9,0,0,0,0,0,0,0,0,0,0
"ASV1055",9,0,0,0,0,0,0,0,0,0,0
"ASV1056",0,9,0,0,0,0,0,0,0,0,0
"ASV1057",0,6,0,0,0,0,0,0,3,0,0
"ASV1058",0,9,0,0,0,0,0,0,0,0,0
"ASV1059",0,9,0,0,0,0,0,0,0,0,0
"ASV1060",0,9,0,0,0,0,0,0,0,0,0
"ASV1061",0,9,0,0,0,0,0,0,0,0,0
"ASV1062",0,9,0,0,0,0,0,0,0,0,0
"ASV1063",0,5,0,0,4,0,0,0,0,0,0
"ASV1064",0,9,0,0,0,0,0,0,0,0,0
"ASV1065",0,9,0,0,0,0,0,0,0,0,0
"ASV1066",0,9,0,0,0,0,0,0,0,0,0
"ASV1067",0,9,0,0,0,0,0,0,0,0,0
"ASV1068",0,6,0,0,0,3,0,0,0,0,0
"ASV1069",0,9,0,0,0,0,0,0,0,0,0
"ASV1070",0,9,0,0,0,0,0,0,0,0,0
"ASV1071",0,6,3,0,0,0,0,0,0,0,0
"ASV1072",0,5,0,0,0,0,0,0,4,0,0
"ASV1073",0,9,0,0,0,0,0,0,0,0,0
"ASV1074",0,9,0,0,0,0,0,0,0,0,0
"ASV1075",0,5,0,0,0,0,0,0,0,4,0
"ASV1076",0,9,0,0,0,0,0,0,0,0,0
"ASV1077",0,9,0,0,0,0,0,0,0,0,0
"ASV1078",0,9,0,0,0,0,0,0,0,0,0
"ASV1079",0,9,0,0,0,0,0,0,0,0,0
"ASV1080",0,0,9,0,0,0,0,0,0,0,0
"ASV1081",0,0,9,0,0,0,0,0,0,0,0
"ASV1082",0,0,3,0,0,0,6,0,0,0,0
"ASV1083",0,0,9,0,0,0,0,0,0,0,0
"ASV1084",0,0,9,0,0,0,0,0,0,0,0
"ASV1085",0,0,9,0,0,0,0,0,0,0,0
"ASV1086",0,0,4,0,5,0,0,0,0,0,0
"ASV1087",0,0,0,9,0,0,0,0,0,0,0
"ASV1088",0,0,0,0,9,0,0,0,0,0,0
"ASV1089",0,0,0,0,9,0,0,0,0,0,0
"ASV1090",0,0,0,0,9,0,0,0,0,0,0
"ASV1091",0,0,0,0,0,0,6,0,0,0,3
"ASV1092",0,0,0,0,0,0,9,0,0,0,0
"ASV1093",0,0,0,0,0,0,9,0,0,0,0
"ASV1094",0,0,0,0,0,0,9,0,0,0,0
"ASV1095",0,0,0,0,0,0,9,0,0,0,0
"ASV1096",0,0,0,0,0,0,9,0,0,0,0
"ASV1097",0,0,0,0,0,0,9,0,0,0,0
"ASV1098",0,0,0,0,0,0,0,9,0,0,0
"ASV1099",0,0,0,0,0,0,0,9,0,0,0
"ASV1100",0,0,0,0,0,0,0,0,9,0,0
"ASV1101",0,0,0,0,0,0,0,0,9,0,0
"ASV1102",0,0,0,0,0,0,0,0,9,0,0
"ASV1103",0,0,0,0,0,0,0,0,9,0,0
"ASV1104",0,0,0,0,0,0,0,0,0,9,0
"ASV1105",0,0,0,0,0,0,0,0,0,6,3
"ASV1106",0,0,0,0,0,0,0,0,0,6,3
"ASV1107",0,0,0,0,0,0,0,0,0,9,0
"ASV1108",0,0,0,0,0,0,0,0,0,4,5
"ASV1109",0,0,0,0,0,0,0,0,0,0,9
"ASV1110",0,0,0,0,0,0,0,0,0,0,9
"ASV1111",0,0,0,0,0,0,0,0,0,0,9
"ASV1112",0,0,0,0,0,0,0,0,0,0,9
"ASV1113",0,0,0,0,0,0,0,0,0,0,9
"ASV1114",0,0,0,0,0,0,0,0,0,0,9
"ASV1115",0,0,0,0,0,0,0,0,0,0,9
"ASV1116",0,0,0,0,0,0,0,0,0,0,9
"ASV1117",4,0,0,0,0,0,4,0,0,0,0
"ASV1118",6,0,2,0,0,0,0,0,0,0,0
"ASV1119",8,0,0,0,0,0,0,0,0,0,0
"ASV1120",0,8,0,0,0,0,0,0,0,0,0
"ASV1121",0,8,0,0,0,0,0,0,0,0,0
"ASV1122",0,8,0,0,0,0,0,0,0,0,0
"ASV1123",0,8,0,0,0,0,0,0,0,0,0
"ASV1124",0,8,0,0,0,0,0,0,0,0,0
"ASV1125",0,8,0,0,0,0,0,0,0,0,0
"ASV1126",0,8,0,0,0,0,0,0,0,0,0
"ASV1127",0,8,0,0,0,0,0,0,0,0,0
"ASV1128",0,5,3,0,0,0,0,0,0,0,0
"ASV1129",0,8,0,0,0,0,0,0,0,0,0
"ASV1130",0,8,0,0,0,0,0,0,0,0,0
"ASV1131",0,8,0,0,0,0,0,0,0,0,0
"ASV1132",0,2,0,0,0,0,0,0,0,3,3
"ASV1133",0,8,0,0,0,0,0,0,0,0,0
"ASV1134",0,8,0,0,0,0,0,0,0,0,0
"ASV1135",0,8,0,0,0,0,0,0,0,0,0
"ASV1136",0,6,0,0,2,0,0,0,0,0,0
"ASV1137",0,8,0,0,0,0,0,0,0,0,0
"ASV1138",0,8,0,0,0,0,0,0,0,0,0
"ASV1139",0,8,0,0,0,0,0,0,0,0,0
"ASV1140",0,8,0,0,0,0,0,0,0,0,0
"ASV1141",0,8,0,0,0,0,0,0,0,0,0
"ASV1142",0,8,0,0,0,0,0,0,0,0,0
"ASV1143",0,8,0,0,0,0,0,0,0,0,0
"ASV1144",0,8,0,0,0,0,0,0,0,0,0
"ASV1145",0,8,0,0,0,0,0,0,0,0,0
"ASV1146",0,5,0,0,0,0,3,0,0,0,0
"ASV1147",0,8,0,0,0,0,0,0,0,0,0
"ASV1148",0,8,0,0,0,0,0,0,0,0,0
"ASV1149",0,0,8,0,0,0,0,0,0,0,0
"ASV1150",0,0,0,0,4,4,0,0,0,0,0
"ASV1151",0,0,0,0,0,8,0,0,0,0,0
"ASV1152",0,0,0,0,0,4,0,0,4,0,0
"ASV1153",0,0,0,0,0,0,8,0,0,0,0
"ASV1154",0,0,0,0,0,0,8,0,0,0,0
"ASV1155",0,0,0,0,0,0,4,0,4,0,0
"ASV1156",0,0,0,0,0,0,8,0,0,0,0
"ASV1157",0,0,0,0,0,0,8,0,0,0,0
"ASV1158",0,0,0,0,0,0,8,0,0,0,0
"ASV1159",0,0,0,0,0,0,5,0,0,0,3
"ASV1160",0,0,0,0,0,0,8,0,0,0,0
"ASV1161",0,0,0,0,0,0,8,0,0,0,0
"ASV1162",0,0,0,0,0,0,8,0,0,0,0
"ASV1163",0,0,0,0,0,0,8,0,0,0,0
"ASV1164",0,0,0,0,0,0,8,0,0,0,0
"ASV1165",0,0,0,0,0,0,8,0,0,0,0
"ASV1166",0,0,0,0,0,0,0,8,0,0,0
"ASV1167",0,0,0,0,0,0,0,0,8,0,0
"ASV1168",0,0,0,0,0,0,0,0,8,0,0
"ASV1169",0,0,0,0,0,0,0,0,8,0,0
"ASV1170",0,0,0,0,0,0,0,0,8,0,0
"ASV1171",0,0,0,0,0,0,0,0,8,0,0
"ASV1172",0,0,0,0,0,0,0,0,8,0,0
"ASV1173",0,0,0,0,0,0,0,0,0,6,2
"ASV1174",0,0,0,0,0,0,0,0,0,8,0
"ASV1175",0,0,0,0,0,0,0,0,0,4,4
"ASV1176",0,0,0,0,0,0,0,0,0,8,0
"ASV1177",0,0,0,0,0,0,0,0,0,4,4
"ASV1178",0,0,0,0,0,0,0,0,0,8,0
"ASV1179",0,0,0,0,0,0,0,0,0,8,0
"ASV1180",0,0,0,0,0,0,0,0,0,0,8
"ASV1181",0,0,0,0,0,0,0,0,0,0,8
"ASV1182",0,0,0,0,0,0,0,0,0,0,8
"ASV1183",0,0,0,0,0,0,0,0,0,0,8
"ASV1184",3,4,0,0,0,0,0,0,0,0,0
"ASV1185",4,0,0,0,0,0,0,0,3,0,0
"ASV1186",7,0,0,0,0,0,0,0,0,0,0
"ASV1187",3,0,0,0,2,0,2,0,0,0,0
"ASV1188",0,7,0,0,0,0,0,0,0,0,0
"ASV1189",0,7,0,0,0,0,0,0,0,0,0
"ASV1190",0,7,0,0,0,0,0,0,0,0,0
"ASV1191",0,7,0,0,0,0,0,0,0,0,0
"ASV1192",0,7,0,0,0,0,0,0,0,0,0
"ASV1193",0,7,0,0,0,0,0,0,0,0,0
"ASV1194",0,7,0,0,0,0,0,0,0,0,0
"ASV1195",0,7,0,0,0,0,0,0,0,0,0
"ASV1196",0,7,0,0,0,0,0,0,0,0,0
"ASV1197",0,7,0,0,0,0,0,0,0,0,0
"ASV1198",0,7,0,0,0,0,0,0,0,0,0
"ASV1199",0,7,0,0,0,0,0,0,0,0,0
"ASV1200",0,7,0,0,0,0,0,0,0,0,0
"ASV1201",0,7,0,0,0,0,0,0,0,0,0
"ASV1202",0,7,0,0,0,0,0,0,0,0,0
"ASV1203",0,7,0,0,0,0,0,0,0,0,0
"ASV1204",0,7,0,0,0,0,0,0,0,0,0
"ASV1205",0,7,0,0,0,0,0,0,0,0,0
"ASV1206",0,7,0,0,0,0,0,0,0,0,0
"ASV1207",0,4,0,0,0,0,0,0,3,0,0
"ASV1208",0,7,0,0,0,0,0,0,0,0,0
"ASV1209",0,7,0,0,0,0,0,0,0,0,0
"ASV1210",0,7,0,0,0,0,0,0,0,0,0
"ASV1211",0,7,0,0,0,0,0,0,0,0,0
"ASV1212",0,7,0,0,0,0,0,0,0,0,0
"ASV1213",0,7,0,0,0,0,0,0,0,0,0
"ASV1214",0,4,0,0,3,0,0,0,0,0,0
"ASV1215",0,7,0,0,0,0,0,0,0,0,0
"ASV1216",0,0,7,0,0,0,0,0,0,0,0
"ASV1217",0,0,0,0,7,0,0,0,0,0,0
"ASV1218",0,0,0,0,7,0,0,0,0,0,0
"ASV1219",0,0,0,0,4,0,0,0,3,0,0
"ASV1220",0,0,0,0,7,0,0,0,0,0,0
"ASV1221",0,0,0,0,7,0,0,0,0,0,0
"ASV1222",0,0,0,0,7,0,0,0,0,0,0
"ASV1223",0,0,0,0,0,7,0,0,0,0,0
"ASV1224",0,0,0,0,0,0,7,0,0,0,0
"ASV1225",0,0,0,0,0,0,7,0,0,0,0
"ASV1226",0,0,0,0,0,0,7,0,0,0,0
"ASV1227",0,0,0,0,0,0,7,0,0,0,0
"ASV1228",0,0,0,0,0,0,0,0,7,0,0
"ASV1229",0,0,0,0,0,0,0,0,7,0,0
"ASV1230",0,0,0,0,0,0,0,0,7,0,0
"ASV1231",0,0,0,0,0,0,0,0,0,7,0
"ASV1232",0,0,0,0,0,0,0,0,0,7,0
"ASV1233",0,0,0,0,0,0,0,0,0,7,0
"ASV1234",0,0,0,0,0,0,0,0,0,7,0
"ASV1235",0,0,0,0,0,0,0,0,0,4,3
"ASV1236",0,0,0,0,0,0,0,0,0,7,0
"ASV1237",0,0,0,0,0,0,0,0,0,3,4
"ASV1238",0,0,0,0,0,0,0,0,0,7,0
"ASV1239",0,0,0,0,0,0,0,0,0,7,0
"ASV1240",0,0,0,0,0,0,0,0,0,7,0
"ASV1241",0,0,0,0,0,0,0,0,0,0,7
"ASV1242",0,0,0,0,0,0,0,0,0,0,7
"ASV1243",0,0,0,0,0,0,0,0,0,0,7
"ASV1244",0,0,0,0,0,0,0,0,0,0,7
"ASV1245",0,0,0,0,0,0,0,0,0,0,7
"ASV1246",0,0,0,0,0,0,0,0,0,0,7
"ASV1247",0,0,0,0,0,0,0,0,0,0,7
"ASV1248",0,0,0,0,0,0,0,0,0,0,7
"ASV1249",0,0,0,0,0,0,0,0,0,0,7
"ASV1250",0,0,0,0,0,0,0,0,0,0,7
"ASV1251",0,0,0,0,0,0,0,0,0,0,7
"ASV1252",0,0,0,0,0,0,0,0,0,0,7
"ASV1253",0,0,0,0,0,0,0,0,0,0,7
"ASV1254",0,0,0,0,0,0,0,0,0,0,7
"ASV1255",0,0,0,0,0,0,0,0,0,0,7
"ASV1256",0,0,0,0,0,0,0,0,0,0,7
"ASV1257",0,0,0,0,0,0,0,0,0,0,7
"ASV1258",0,0,0,0,0,0,0,0,0,0,7
"ASV1259",6,0,0,0,0,0,0,0,0,0,0
"ASV1260",6,0,0,0,0,0,0,0,0,0,0
"ASV1261",6,0,0,0,0,0,0,0,0,0,0
"ASV1262",6,0,0,0,0,0,0,0,0,0,0
"ASV1263",6,0,0,0,0,0,0,0,0,0,0
"ASV1264",0,6,0,0,0,0,0,0,0,0,0
"ASV1265",0,6,0,0,0,0,0,0,0,0,0
"ASV1266",0,6,0,0,0,0,0,0,0,0,0
"ASV1267",0,6,0,0,0,0,0,0,0,0,0
"ASV1268",0,6,0,0,0,0,0,0,0,0,0
"ASV1269",0,6,0,0,0,0,0,0,0,0,0
"ASV1270",0,6,0,0,0,0,0,0,0,0,0
"ASV1271",0,6,0,0,0,0,0,0,0,0,0
"ASV1272",0,6,0,0,0,0,0,0,0,0,0
"ASV1273",0,6,0,0,0,0,0,0,0,0,0
"ASV1274",0,6,0,0,0,0,0,0,0,0,0
"ASV1275",0,6,0,0,0,0,0,0,0,0,0
"ASV1276",0,6,0,0,0,0,0,0,0,0,0
"ASV1277",0,6,0,0,0,0,0,0,0,0,0
"ASV1278",0,6,0,0,0,0,0,0,0,0,0
"ASV1279",0,6,0,0,0,0,0,0,0,0,0
"ASV1280",0,6,0,0,0,0,0,0,0,0,0
"ASV1281",0,6,0,0,0,0,0,0,0,0,0
"ASV1282",0,6,0,0,0,0,0,0,0,0,0
"ASV1283",0,6,0,0,0,0,0,0,0,0,0
"ASV1284",0,6,0,0,0,0,0,0,0,0,0
"ASV1285",0,6,0,0,0,0,0,0,0,0,0
"ASV1286",0,6,0,0,0,0,0,0,0,0,0
"ASV1287",0,6,0,0,0,0,0,0,0,0,0
"ASV1288",0,6,0,0,0,0,0,0,0,0,0
"ASV1289",0,6,0,0,0,0,0,0,0,0,0
"ASV1290",0,0,6,0,0,0,0,0,0,0,0
"ASV1291",0,0,4,2,0,0,0,0,0,0,0
"ASV1292",0,0,6,0,0,0,0,0,0,0,0
"ASV1293",0,0,6,0,0,0,0,0,0,0,0
"ASV1294",0,0,0,0,4,0,0,0,0,2,0
"ASV1295",0,0,0,0,6,0,0,0,0,0,0
"ASV1296",0,0,0,0,6,0,0,0,0,0,0
"ASV1297",0,0,0,0,6,0,0,0,0,0,0
"ASV1298",0,0,0,0,3,0,3,0,0,0,0
"ASV1299",0,0,0,0,0,0,6,0,0,0,0
"ASV1300",0,0,0,0,0,0,6,0,0,0,0
"ASV1301",0,0,0,0,0,0,2,0,4,0,0
"ASV1302",0,0,0,0,0,0,6,0,0,0,0
"ASV1303",0,0,0,0,0,0,6,0,0,0,0
"ASV1304",0,0,0,0,0,0,6,0,0,0,0
"ASV1305",0,0,0,0,0,0,6,0,0,0,0
"ASV1306",0,0,0,0,0,0,6,0,0,0,0
"ASV1307",0,0,0,0,0,0,0,6,0,0,0
"ASV1308",0,0,0,0,0,0,0,6,0,0,0
"ASV1309",0,0,0,0,0,0,0,0,6,0,0
"ASV1310",0,0,0,0,0,0,0,0,6,0,0
"ASV1311",0,0,0,0,0,0,0,0,6,0,0
"ASV1312",0,0,0,0,0,0,0,0,6,0,0
"ASV1313",0,0,0,0,0,0,0,0,6,0,0
"ASV1314",0,0,0,0,0,0,0,0,0,3,3
"ASV1315",0,0,0,0,0,0,0,0,0,6,0
"ASV1316",0,0,0,0,0,0,0,0,0,6,0
"ASV1317",0,0,0,0,0,0,0,0,0,6,0
"ASV1318",0,0,0,0,0,0,0,0,0,6,0
"ASV1319",0,0,0,0,0,0,0,0,0,6,0
"ASV1320",0,0,0,0,0,0,0,0,0,3,3
"ASV1321",0,0,0,0,0,0,0,0,0,6,0
"ASV1322",0,0,0,0,0,0,0,0,0,6,0
"ASV1323",0,0,0,0,0,0,0,0,0,6,0
"ASV1324",0,0,0,0,0,0,0,0,0,6,0
"ASV1325",0,0,0,0,0,0,0,0,0,0,6
"ASV1326",0,0,0,0,0,0,0,0,0,0,6
"ASV1327",0,0,0,0,0,0,0,0,0,0,6
"ASV1328",0,0,0,0,0,0,0,0,0,0,6
"ASV1329",0,0,0,0,0,0,0,0,0,0,6
"ASV1330",0,0,0,0,0,0,0,0,0,0,6
"ASV1331",0,0,0,0,0,0,0,0,0,0,6
"ASV1332",0,0,0,0,0,0,0,0,0,0,6
"ASV1333",0,0,0,0,0,0,0,0,0,0,6
"ASV1334",0,0,0,0,0,0,0,0,0,0,6
"ASV1335",0,0,0,0,0,0,0,0,0,0,6
"ASV1336",0,0,0,0,0,0,0,0,0,0,6
"ASV1337",0,0,0,0,0,0,0,0,0,0,6
"ASV1338",5,0,0,0,0,0,0,0,0,0,0
"ASV1339",5,0,0,0,0,0,0,0,0,0,0
"ASV1340",0,5,0,0,0,0,0,0,0,0,0
"ASV1341",0,5,0,0,0,0,0,0,0,0,0
"ASV1342",0,5,0,0,0,0,0,0,0,0,0
"ASV1343",0,5,0,0,0,0,0,0,0,0,0
"ASV1344",0,5,0,0,0,0,0,0,0,0,0
"ASV1345",0,5,0,0,0,0,0,0,0,0,0
"ASV1346",0,2,0,0,0,0,0,0,0,0,3
"ASV1347",0,2,0,0,0,0,0,0,0,3,0
"ASV1348",0,5,0,0,0,0,0,0,0,0,0
"ASV1349",0,5,0,0,0,0,0,0,0,0,0
"ASV1350",0,5,0,0,0,0,0,0,0,0,0
"ASV1351",0,5,0,0,0,0,0,0,0,0,0
"ASV1352",0,5,0,0,0,0,0,0,0,0,0
"ASV1353",0,5,0,0,0,0,0,0,0,0,0
"ASV1354",0,5,0,0,0,0,0,0,0,0,0
"ASV1355",0,5,0,0,0,0,0,0,0,0,0
"ASV1356",0,5,0,0,0,0,0,0,0,0,0
"ASV1357",0,5,0,0,0,0,0,0,0,0,0
"ASV1358",0,5,0,0,0,0,0,0,0,0,0
"ASV1359",0,5,0,0,0,0,0,0,0,0,0
"ASV1360",0,5,0,0,0,0,0,0,0,0,0
"ASV1361",0,5,0,0,0,0,0,0,0,0,0
"ASV1362",0,5,0,0,0,0,0,0,0,0,0
"ASV1363",0,0,5,0,0,0,0,0,0,0,0
"ASV1364",0,0,5,0,0,0,0,0,0,0,0
"ASV1365",0,0,5,0,0,0,0,0,0,0,0
"ASV1366",0,0,2,0,3,0,0,0,0,0,0
"ASV1367",0,0,5,0,0,0,0,0,0,0,0
"ASV1368",0,0,5,0,0,0,0,0,0,0,0
"ASV1369",0,0,3,0,2,0,0,0,0,0,0
"ASV1370",0,0,5,0,0,0,0,0,0,0,0
"ASV1371",0,0,5,0,0,0,0,0,0,0,0
"ASV1372",0,0,0,5,0,0,0,0,0,0,0
"ASV1373",0,0,0,0,5,0,0,0,0,0,0
"ASV1374",0,0,0,0,5,0,0,0,0,0,0
"ASV1375",0,0,0,0,5,0,0,0,0,0,0
"ASV1376",0,0,0,0,5,0,0,0,0,0,0
"ASV1377",0,0,0,0,5,0,0,0,0,0,0
"ASV1378",0,0,0,0,5,0,0,0,0,0,0
"ASV1379",0,0,0,0,0,5,0,0,0,0,0
"ASV1380",0,0,0,0,0,5,0,0,0,0,0
"ASV1381",0,0,0,0,0,0,5,0,0,0,0
"ASV1382",0,0,0,0,0,0,5,0,0,0,0
"ASV1383",0,0,0,0,0,0,5,0,0,0,0
"ASV1384",0,0,0,0,0,0,5,0,0,0,0
"ASV1385",0,0,0,0,0,0,5,0,0,0,0
"ASV1386",0,0,0,0,0,0,5,0,0,0,0
"ASV1387",0,0,0,0,0,0,5,0,0,0,0
"ASV1388",0,0,0,0,0,0,5,0,0,0,0
"ASV1389",0,0,0,0,0,0,5,0,0,0,0
"ASV1390",0,0,0,0,0,0,0,5,0,0,0
"ASV1391",0,0,0,0,0,0,0,5,0,0,0
"ASV1392",0,0,0,0,0,0,0,0,5,0,0
"ASV1393",0,0,0,0,0,0,0,0,5,0,0
"ASV1394",0,0,0,0,0,0,0,0,5,0,0
"ASV1395",0,0,0,0,0,0,0,0,5,0,0
"ASV1396",0,0,0,0,0,0,0,0,5,0,0
"ASV1397",0,0,0,0,0,0,0,0,5,0,0
"ASV1398",0,0,0,0,0,0,0,0,5,0,0
"ASV1399",0,0,0,0,0,0,0,0,5,0,0
"ASV1400",0,0,0,0,0,0,0,0,0,5,0
"ASV1401",0,0,0,0,0,0,0,0,0,5,0
"ASV1402",0,0,0,0,0,0,0,0,0,3,2
"ASV1403",0,0,0,0,0,0,0,0,0,5,0
"ASV1404",0,0,0,0,0,0,0,0,0,5,0
"ASV1405",0,0,0,0,0,0,0,0,0,3,2
"ASV1406",0,0,0,0,0,0,0,0,0,5,0
"ASV1407",0,0,0,0,0,0,0,0,0,3,2
"ASV1408",0,0,0,0,0,0,0,0,0,5,0
"ASV1409",0,0,0,0,0,0,0,0,0,5,0
"ASV1410",0,0,0,0,0,0,0,0,0,5,0
"ASV1411",0,0,0,0,0,0,0,0,0,5,0
"ASV1412",0,0,0,0,0,0,0,0,0,5,0
"ASV1413",0,0,0,0,0,0,0,0,0,5,0
"ASV1414",0,0,0,0,0,0,0,0,0,0,5
"ASV1415",0,0,0,0,0,0,0,0,0,0,5
"ASV1416",0,0,0,0,0,0,0,0,0,0,5
"ASV1417",0,0,0,0,0,0,0,0,0,0,5
"ASV1418",0,0,0,0,0,0,0,0,0,0,5
"ASV1419",0,0,0,0,0,0,0,0,0,0,5
"ASV1420",0,0,0,0,0,0,0,0,0,0,5
"ASV1421",0,0,0,0,0,0,0,0,0,0,5
"ASV1422",0,0,0,0,0,0,0,0,0,0,5
"ASV1423",0,0,0,0,0,0,0,0,0,0,5
"ASV1424",0,0,0,0,0,0,0,0,0,0,5
"ASV1425",0,0,0,0,0,0,0,0,0,0,5
"ASV1426",0,0,0,0,0,0,0,0,0,0,5
"ASV1427",0,0,0,0,0,0,0,0,0,0,5
"ASV1428",0,0,0,0,0,0,0,0,0,0,5
"ASV1429",0,0,0,0,0,0,0,0,0,0,5
"ASV1430",0,0,0,0,0,0,0,0,0,0,5
"ASV1431",0,0,0,0,0,0,0,0,0,0,5
"ASV1432",0,0,0,0,0,0,0,0,0,0,5
"ASV1433",0,0,0,0,0,0,0,0,0,0,5
"ASV1434",4,0,0,0,0,0,0,0,0,0,0
"ASV1435",4,0,0,0,0,0,0,0,0,0,0
"ASV1436",0,4,0,0,0,0,0,0,0,0,0
"ASV1437",0,4,0,0,0,0,0,0,0,0,0
"ASV1438",0,4,0,0,0,0,0,0,0,0,0
"ASV1439",0,4,0,0,0,0,0,0,0,0,0
"ASV1440",0,4,0,0,0,0,0,0,0,0,0
"ASV1441",0,4,0,0,0,0,0,0,0,0,0
"ASV1442",0,4,0,0,0,0,0,0,0,0,0
"ASV1443",0,4,0,0,0,0,0,0,0,0,0
"ASV1444",0,4,0,0,0,0,0,0,0,0,0
"ASV1445",0,4,0,0,0,0,0,0,0,0,0
"ASV1446",0,4,0,0,0,0,0,0,0,0,0
"ASV1447",0,2,0,0,0,0,0,0,0,2,0
"ASV1448",0,4,0,0,0,0,0,0,0,0,0
"ASV1449",0,4,0,0,0,0,0,0,0,0,0
"ASV1450",0,4,0,0,0,0,0,0,0,0,0
"ASV1451",0,4,0,0,0,0,0,0,0,0,0
"ASV1452",0,4,0,0,0,0,0,0,0,0,0
"ASV1453",0,4,0,0,0,0,0,0,0,0,0
"ASV1454",0,4,0,0,0,0,0,0,0,0,0
"ASV1455",0,4,0,0,0,0,0,0,0,0,0
"ASV1456",0,4,0,0,0,0,0,0,0,0,0
"ASV1457",0,4,0,0,0,0,0,0,0,0,0
"ASV1458",0,4,0,0,0,0,0,0,0,0,0
"ASV1459",0,4,0,0,0,0,0,0,0,0,0
"ASV1460",0,4,0,0,0,0,0,0,0,0,0
"ASV1461",0,4,0,0,0,0,0,0,0,0,0
"ASV1462",0,4,0,0,0,0,0,0,0,0,0
"ASV1463",0,4,0,0,0,0,0,0,0,0,0
"ASV1464",0,4,0,0,0,0,0,0,0,0,0
"ASV1465",0,4,0,0,0,0,0,0,0,0,0
"ASV1466",0,4,0,0,0,0,0,0,0,0,0
"ASV1467",0,4,0,0,0,0,0,0,0,0,0
"ASV1468",0,0,4,0,0,0,0,0,0,0,0
"ASV1469",0,0,4,0,0,0,0,0,0,0,0
"ASV1470",0,0,4,0,0,0,0,0,0,0,0
"ASV1471",0,0,4,0,0,0,0,0,0,0,0
"ASV1472",0,0,4,0,0,0,0,0,0,0,0
"ASV1473",0,0,4,0,0,0,0,0,0,0,0
"ASV1474",0,0,0,4,0,0,0,0,0,0,0
"ASV1475",0,0,0,0,4,0,0,0,0,0,0
"ASV1476",0,0,0,0,4,0,0,0,0,0,0
"ASV1477",0,0,0,0,4,0,0,0,0,0,0
"ASV1478",0,0,0,0,4,0,0,0,0,0,0
"ASV1479",0,0,0,0,4,0,0,0,0,0,0
"ASV1480",0,0,0,0,0,4,0,0,0,0,0
"ASV1481",0,0,0,0,0,4,0,0,0,0,0
"ASV1482",0,0,0,0,0,4,0,0,0,0,0
"ASV1483",0,0,0,0,0,0,4,0,0,0,0
"ASV1484",0,0,0,0,0,0,4,0,0,0,0
"ASV1485",0,0,0,0,0,0,4,0,0,0,0
"ASV1486",0,0,0,0,0,0,4,0,0,0,0
"ASV1487",0,0,0,0,0,0,4,0,0,0,0
"ASV1488",0,0,0,0,0,0,4,0,0,0,0
"ASV1489",0,0,0,0,0,0,0,4,0,0,0
"ASV1490",0,0,0,0,0,0,0,0,4,0,0
"ASV1491",0,0,0,0,0,0,0,0,4,0,0
"ASV1492",0,0,0,0,0,0,0,0,4,0,0
"ASV1493",0,0,0,0,0,0,0,0,4,0,0
"ASV1494",0,0,0,0,0,0,0,0,4,0,0
"ASV1495",0,0,0,0,0,0,0,0,4,0,0
"ASV1496",0,0,0,0,0,0,0,0,4,0,0
"ASV1497",0,0,0,0,0,0,0,0,4,0,0
"ASV1498",0,0,0,0,0,0,0,0,0,4,0
"ASV1499",0,0,0,0,0,0,0,0,0,4,0
"ASV1500",0,0,0,0,0,0,0,0,0,4,0
"ASV1501",0,0,0,0,0,0,0,0,0,4,0
"ASV1502",0,0,0,0,0,0,0,0,0,2,2
"ASV1503",0,0,0,0,0,0,0,0,0,4,0
"ASV1504",0,0,0,0,0,0,0,0,0,4,0
"ASV1505",0,0,0,0,0,0,0,0,0,4,0
"ASV1506",0,0,0,0,0,0,0,0,0,4,0
"ASV1507",0,0,0,0,0,0,0,0,0,4,0
"ASV1508",0,0,0,0,0,0,0,0,0,4,0
"ASV1509",0,0,0,0,0,0,0,0,0,4,0
"ASV1510",0,0,0,0,0,0,0,0,0,0,4
"ASV1511",0,0,0,0,0,0,0,0,0,0,4
"ASV1512",0,0,0,0,0,0,0,0,0,0,4
"ASV1513",0,0,0,0,0,0,0,0,0,0,4
"ASV1514",0,0,0,0,0,0,0,0,0,0,4
"ASV1515",0,0,0,0,0,0,0,0,0,0,4
"ASV1516",0,0,0,0,0,0,0,0,0,0,4
"ASV1517",0,0,0,0,0,0,0,0,0,0,4
"ASV1518",0,0,0,0,0,0,0,0,0,0,4
"ASV1519",0,0,0,0,0,0,0,0,0,0,4
"ASV1520",0,0,0,0,0,0,0,0,0,0,4
"ASV1521",0,0,0,0,0,0,0,0,0,0,4
"ASV1522",3,0,0,0,0,0,0,0,0,0,0
"ASV1523",3,0,0,0,0,0,0,0,0,0,0
"ASV1524",3,0,0,0,0,0,0,0,0,0,0
"ASV1525",3,0,0,0,0,0,0,0,0,0,0
"ASV1526",0,3,0,0,0,0,0,0,0,0,0
"ASV1527",0,3,0,0,0,0,0,0,0,0,0
"ASV1528",0,3,0,0,0,0,0,0,0,0,0
"ASV1529",0,3,0,0,0,0,0,0,0,0,0
"ASV1530",0,3,0,0,0,0,0,0,0,0,0
"ASV1531",0,3,0,0,0,0,0,0,0,0,0
"ASV1532",0,3,0,0,0,0,0,0,0,0,0
"ASV1533",0,3,0,0,0,0,0,0,0,0,0
"ASV1534",0,3,0,0,0,0,0,0,0,0,0
"ASV1535",0,3,0,0,0,0,0,0,0,0,0
"ASV1536",0,3,0,0,0,0,0,0,0,0,0
"ASV1537",0,3,0,0,0,0,0,0,0,0,0
"ASV1538",0,3,0,0,0,0,0,0,0,0,0
"ASV1539",0,3,0,0,0,0,0,0,0,0,0
"ASV1540",0,3,0,0,0,0,0,0,0,0,0
"ASV1541",0,3,0,0,0,0,0,0,0,0,0
"ASV1542",0,3,0,0,0,0,0,0,0,0,0
"ASV1543",0,3,0,0,0,0,0,0,0,0,0
"ASV1544",0,3,0,0,0,0,0,0,0,0,0
"ASV1545",0,3,0,0,0,0,0,0,0,0,0
"ASV1546",0,3,0,0,0,0,0,0,0,0,0
"ASV1547",0,3,0,0,0,0,0,0,0,0,0
"ASV1548",0,3,0,0,0,0,0,0,0,0,0
"ASV1549",0,3,0,0,0,0,0,0,0,0,0
"ASV1550",0,3,0,0,0,0,0,0,0,0,0
"ASV1551",0,3,0,0,0,0,0,0,0,0,0
"ASV1552",0,3,0,0,0,0,0,0,0,0,0
"ASV1553",0,3,0,0,0,0,0,0,0,0,0
"ASV1554",0,3,0,0,0,0,0,0,0,0,0
"ASV1555",0,3,0,0,0,0,0,0,0,0,0
"ASV1556",0,3,0,0,0,0,0,0,0,0,0
"ASV1557",0,3,0,0,0,0,0,0,0,0,0
"ASV1558",0,3,0,0,0,0,0,0,0,0,0
"ASV1559",0,3,0,0,0,0,0,0,0,0,0
"ASV1560",0,0,3,0,0,0,0,0,0,0,0
"ASV1561",0,0,3,0,0,0,0,0,0,0,0
"ASV1562",0,0,3,0,0,0,0,0,0,0,0
"ASV1563",0,0,3,0,0,0,0,0,0,0,0
"ASV1564",0,0,3,0,0,0,0,0,0,0,0
"ASV1565",0,0,3,0,0,0,0,0,0,0,0
"ASV1566",0,0,3,0,0,0,0,0,0,0,0
"ASV1567",0,0,0,0,3,0,0,0,0,0,0
"ASV1568",0,0,0,0,3,0,0,0,0,0,0
"ASV1569",0,0,0,0,3,0,0,0,0,0,0
"ASV1570",0,0,0,0,3,0,0,0,0,0,0
"ASV1571",0,0,0,0,3,0,0,0,0,0,0
"ASV1572",0,0,0,0,3,0,0,0,0,0,0
"ASV1573",0,0,0,0,3,0,0,0,0,0,0
"ASV1574",0,0,0,0,3,0,0,0,0,0,0
"ASV1575",0,0,0,0,3,0,0,0,0,0,0
"ASV1576",0,0,0,0,3,0,0,0,0,0,0
"ASV1577",0,0,0,0,3,0,0,0,0,0,0
"ASV1578",0,0,0,0,3,0,0,0,0,0,0
"ASV1579",0,0,0,0,3,0,0,0,0,0,0
"ASV1580",0,0,0,0,0,3,0,0,0,0,0
"ASV1581",0,0,0,0,0,3,0,0,0,0,0
"ASV1582",0,0,0,0,0,3,0,0,0,0,0
"ASV1583",0,0,0,0,0,3,0,0,0,0,0
"ASV1584",0,0,0,0,0,0,3,0,0,0,0
"ASV1585",0,0,0,0,0,0,3,0,0,0,0
"ASV1586",0,0,0,0,0,0,3,0,0,0,0
"ASV1587",0,0,0,0,0,0,3,0,0,0,0
"ASV1588",0,0,0,0,0,0,3,0,0,0,0
"ASV1589",0,0,0,0,0,0,3,0,0,0,0
"ASV1590",0,0,0,0,0,0,3,0,0,0,0
"ASV1591",0,0,0,0,0,0,3,0,0,0,0
"ASV1592",0,0,0,0,0,0,3,0,0,0,0
"ASV1593",0,0,0,0,0,0,3,0,0,0,0
"ASV1594",0,0,0,0,0,0,0,3,0,0,0
"ASV1595",0,0,0,0,0,0,0,3,0,0,0
"ASV1596",0,0,0,0,0,0,0,3,0,0,0
"ASV1597",0,0,0,0,0,0,0,3,0,0,0
"ASV1598",0,0,0,0,0,0,0,0,3,0,0
"ASV1599",0,0,0,0,0,0,0,0,3,0,0
"ASV1600",0,0,0,0,0,0,0,0,3,0,0
"ASV1601",0,0,0,0,0,0,0,0,3,0,0
"ASV1602",0,0,0,0,0,0,0,0,3,0,0
"ASV1603",0,0,0,0,0,0,0,0,3,0,0
"ASV1604",0,0,0,0,0,0,0,0,0,3,0
"ASV1605",0,0,0,0,0,0,0,0,0,3,0
"ASV1606",0,0,0,0,0,0,0,0,0,3,0
"ASV1607",0,0,0,0,0,0,0,0,0,3,0
"ASV1608",0,0,0,0,0,0,0,0,0,3,0
"ASV1609",0,0,0,0,0,0,0,0,0,3,0
"ASV1610",0,0,0,0,0,0,0,0,0,3,0
"ASV1611",0,0,0,0,0,0,0,0,0,3,0
"ASV1612",0,0,0,0,0,0,0,0,0,3,0
"ASV1613",0,0,0,0,0,0,0,0,0,3,0
"ASV1614",0,0,0,0,0,0,0,0,0,3,0
"ASV1615",0,0,0,0,0,0,0,0,0,3,0
"ASV1616",0,0,0,0,0,0,0,0,0,3,0
"ASV1617",0,0,0,0,0,0,0,0,0,0,3
"ASV1618",0,0,0,0,0,0,0,0,0,0,3
"ASV1619",0,0,0,0,0,0,0,0,0,0,3
"ASV1620",0,0,0,0,0,0,0,0,0,0,3
"ASV1621",0,0,0,0,0,0,0,0,0,0,3
"ASV1622",0,0,0,0,0,0,0,0,0,0,3
"ASV1623",0,0,0,0,0,0,0,0,0,0,3
"ASV1624",0,0,0,0,0,0,0,0,0,0,3
"ASV1625",0,0,0,0,0,0,0,0,0,0,3
"ASV1626",0,0,0,0,0,0,0,0,0,0,3
"ASV1627",0,0,0,0,0,0,0,0,0,0,3
"ASV1628",0,0,0,0,0,0,0,0,0,0,3
"ASV1629",2,0,0,0,0,0,0,0,0,0,0
"ASV1630",2,0,0,0,0,0,0,0,0,0,0
"ASV1631",2,0,0,0,0,0,0,0,0,0,0
"ASV1632",2,0,0,0,0,0,0,0,0,0,0
"ASV1633",0,2,0,0,0,0,0,0,0,0,0
"ASV1634",0,2,0,0,0,0,0,0,0,0,0
"ASV1635",0,2,0,0,0,0,0,0,0,0,0
"ASV1636",0,2,0,0,0,0,0,0,0,0,0
"ASV1637",0,2,0,0,0,0,0,0,0,0,0
"ASV1638",0,2,0,0,0,0,0,0,0,0,0
"ASV1639",0,2,0,0,0,0,0,0,0,0,0
"ASV1640",0,2,0,0,0,0,0,0,0,0,0
"ASV1641",0,2,0,0,0,0,0,0,0,0,0
"ASV1642",0,2,0,0,0,0,0,0,0,0,0
"ASV1643",0,2,0,0,0,0,0,0,0,0,0
"ASV1644",0,2,0,0,0,0,0,0,0,0,0
"ASV1645",0,2,0,0,0,0,0,0,0,0,0
"ASV1646",0,2,0,0,0,0,0,0,0,0,0
"ASV1647",0,0,2,0,0,0,0,0,0,0,0
"ASV1648",0,0,2,0,0,0,0,0,0,0,0
"ASV1649",0,0,2,0,0,0,0,0,0,0,0
"ASV1650",0,0,2,0,0,0,0,0,0,0,0
"ASV1651",0,0,2,0,0,0,0,0,0,0,0
"ASV1652",0,0,2,0,0,0,0,0,0,0,0
"ASV1653",0,0,2,0,0,0,0,0,0,0,0
"ASV1654",0,0,2,0,0,0,0,0,0,0,0
"ASV1655",0,0,2,0,0,0,0,0,0,0,0
"ASV1656",0,0,2,0,0,0,0,0,0,0,0
"ASV1657",0,0,2,0,0,0,0,0,0,0,0
"ASV1658",0,0,0,2,0,0,0,0,0,0,0
"ASV1659",0,0,0,2,0,0,0,0,0,0,0
"ASV1660",0,0,0,0,2,0,0,0,0,0,0
"ASV1661",0,0,0,0,2,0,0,0,0,0,0
"ASV1662",0,0,0,0,2,0,0,0,0,0,0
"ASV1663",0,0,0,0,2,0,0,0,0,0,0
"ASV1664",0,0,0,0,2,0,0,0,0,0,0
"ASV1665",0,0,0,0,2,0,0,0,0,0,0
"ASV1666",0,0,0,0,2,0,0,0,0,0,0
"ASV1667",0,0,0,0,2,0,0,0,0,0,0
"ASV1668",0,0,0,0,0,2,0,0,0,0,0
"ASV1669",0,0,0,0,0,2,0,0,0,0,0
"ASV1670",0,0,0,0,0,2,0,0,0,0,0
"ASV1671",0,0,0,0,0,2,0,0,0,0,0
"ASV1672",0,0,0,0,0,2,0,0,0,0,0
"ASV1673",0,0,0,0,0,2,0,0,0,0,0
"ASV1674",0,0,0,0,0,2,0,0,0,0,0
"ASV1675",0,0,0,0,0,0,2,0,0,0,0
"ASV1676",0,0,0,0,0,0,2,0,0,0,0
"ASV1677",0,0,0,0,0,0,2,0,0,0,0
"ASV1678",0,0,0,0,0,0,2,0,0,0,0
"ASV1679",0,0,0,0,0,0,2,0,0,0,0
"ASV1680",0,0,0,0,0,0,2,0,0,0,0
"ASV1681",0,0,0,0,0,0,0,2,0,0,0
"ASV1682",0,0,0,0,0,0,0,0,2,0,0
"ASV1683",0,0,0,0,0,0,0,0,2,0,0
"ASV1684",0,0,0,0,0,0,0,0,2,0,0
"ASV1685",0,0,0,0,0,0,0,0,2,0,0
"ASV1686",0,0,0,0,0,0,0,0,2,0,0
"ASV1687",0,0,0,0,0,0,0,0,2,0,0
"ASV1688",0,0,0,0,0,0,0,0,2,0,0
"ASV1689",0,0,0,0,0,0,0,0,2,0,0
"ASV1690",0,0,0,0,0,0,0,0,2,0,0
"ASV1691",0,0,0,0,0,0,0,0,2,0,0
"ASV1692",0,0,0,0,0,0,0,0,2,0,0
"ASV1693",0,0,0,0,0,0,0,0,0,2,0
"ASV1694",0,0,0,0,0,0,0,0,0,2,0
"ASV1695",0,0,0,0,0,0,0,0,0,2,0
"ASV1696",0,0,0,0,0,0,0,0,0,2,0
"ASV1697",0,0,0,0,0,0,0,0,0,2,0
"ASV1698",0,0,0,0,0,0,0,0,0,2,0
"ASV1699",0,0,0,0,0,0,0,0,0,2,0
"ASV1700",0,0,0,0,0,0,0,0,0,2,0
"ASV1701",0,0,0,0,0,0,0,0,0,2,0
"ASV1702",0,0,0,0,0,0,0,0,0,2,0
"ASV1703",0,0,0,0,0,0,0,0,0,2,0
"ASV1704",0,0,0,0,0,0,0,0,0,0,2
"ASV1705",0,0,0,0,0,0,0,0,0,0,2
"ASV1706",0,0,0,0,0,0,0,0,0,0,2
"ASV1707",0,0,0,0,0,0,0,0,0,0,2
"ASV1708",0,0,0,0,0,0,0,0,0,0,2
"ASV1709",0,0,0,0,0,0,0,0,0,0,2
"ASV1710",0,0,0,0,0,0,0,0,0,0,2
"ASV1711",0,0,0,0,0,0,0,0,0,0,2
"ASV1712",0,0,0,0,0,0,0,0,0,0,2
"ASV1713",0,0,0,0,0,0,0,0,0,0,2
"ASV1714",0,0,0,0,0,0,0,0,0,0,2
"ASV1715",0,0,0,0,0,0,0,0,0,0,2
"ASV1716",0,0,0,0,0,0,0,0,0,0,2
"ASV1717",0,0,0,0,0,0,0,0,0,0,2
